{
    "type": "FeatureCollection",
    "features": [
        {
            "type": "Feature",
            "geometry": {
                "type": "Point",
                "coordinates": [
                    -35.725398,
                    -9.600388,
                    0
                ]
            },
            "properties": {
                "name": "ESCOLA MUNICIPAL JOSE CORREIA COSTA",
                "description": {
                    "@type": "html",
                    "value": "descrição: <br>fid: 1<br>STRING: ESCOLA MUNICIPAL JOSE CORREIA COSTA<br>LATITUDE: -9.60039043366796<br>LONGITUDE: -35.7253921592781<br>CLASSIFIC.: ESC. MUNICIPAL"
                },
                "styleUrl": "#icon-1526-F9A825",
                "icon-opacity": 1,
                "icon-color": "#f9a825",
                "icon-scale": 1,
                "icon": "https://www.gstatic.com/mapspro/images/stock/503-wht-blank_maps.png",
                "descrição": "",
                "fid": 1,
                "STRING": "ESCOLA MUNICIPAL JOSE CORREIA COSTA",
                "LATITUDE": -9.60039043366796,
                "LONGITUDE": -35.7253921592781,
                "CLASSIFIC.": "ESC. MUNICIPAL"
            }
        },
        {
            "type": "Feature",
            "geometry": {
                "type": "Point",
                "coordinates": [
                    -35.72043,
                    -9.644254,
                    0
                ]
            },
            "properties": {
                "name": "ESCOLA MUNICIPAL DOUTOR BALTHAZAR DE MENDONCA",
                "description": {
                    "@type": "html",
                    "value": "descrição: <br>fid: 2<br>STRING: ESCOLA MUNICIPAL DOUTOR BALTHAZAR DE MENDONCA<br>LATITUDE: -9.64425626566685<br>LONGITUDE: -35.7204242580345<br>CLASSIFIC.: ESC. MUNICIPAL"
                },
                "styleUrl": "#icon-1526-F9A825",
                "icon-opacity": 1,
                "icon-color": "#f9a825",
                "icon-scale": 1,
                "icon": "https://www.gstatic.com/mapspro/images/stock/503-wht-blank_maps.png",
                "descrição": "",
                "fid": 2,
                "STRING": "ESCOLA MUNICIPAL DOUTOR BALTHAZAR DE MENDONCA",
                "LATITUDE": -9.64425626566685,
                "LONGITUDE": -35.7204242580345,
                "CLASSIFIC.": "ESC. MUNICIPAL"
            }
        },
        {
            "type": "Feature",
            "geometry": {
                "type": "Point",
                "coordinates": [
                    -35.778779,
                    -9.694465,
                    0
                ]
            },
            "properties": {
                "name": "ESCOLA MUNICIPAL SILVESTRE PERICLES",
                "description": {
                    "@type": "html",
                    "value": "descrição: <br>fid: 3<br>STRING: ESCOLA MUNICIPAL SILVESTRE PERICLES<br>LATITUDE: -9.69446705928734<br>LONGITUDE: -35.7787729026207<br>CLASSIFIC.: ESC. MUNICIPAL"
                },
                "styleUrl": "#icon-1526-F9A825",
                "icon-opacity": 1,
                "icon-color": "#f9a825",
                "icon-scale": 1,
                "icon": "https://www.gstatic.com/mapspro/images/stock/503-wht-blank_maps.png",
                "descrição": "",
                "fid": 3,
                "STRING": "ESCOLA MUNICIPAL SILVESTRE PERICLES",
                "LATITUDE": -9.69446705928734,
                "LONGITUDE": -35.7787729026207,
                "CLASSIFIC.": "ESC. MUNICIPAL"
            }
        },
        {
            "type": "Feature",
            "geometry": {
                "type": "Point",
                "coordinates": [
                    -35.732403,
                    -9.44959,
                    0
                ]
            },
            "properties": {
                "name": "ESCOLA DE ENSINO FUNDAMENTAL SANTO ANTONIO",
                "description": {
                    "@type": "html",
                    "value": "descrição: <br>fid: 4<br>STRING: ESCOLA DE ENSINO FUNDAMENTAL SANTO ANTONIO<br>LATITUDE: -9.44959292196613<br>LONGITUDE: -35.7323968488915<br>CLASSIFIC.: ESC. MUNICIPAL"
                },
                "styleUrl": "#icon-1526-F9A825",
                "icon-opacity": 1,
                "icon-color": "#f9a825",
                "icon-scale": 1,
                "icon": "https://www.gstatic.com/mapspro/images/stock/503-wht-blank_maps.png",
                "descrição": "",
                "fid": 4,
                "STRING": "ESCOLA DE ENSINO FUNDAMENTAL SANTO ANTONIO",
                "LATITUDE": -9.44959292196613,
                "LONGITUDE": -35.7323968488915,
                "CLASSIFIC.": "ESC. MUNICIPAL"
            }
        },
        {
            "type": "Feature",
            "geometry": {
                "type": "Point",
                "coordinates": [
                    -35.722024,
                    -9.559541,
                    0
                ]
            },
            "properties": {
                "name": "ESCOLA MUNICIPAL BENEDITA DA SILVA SANTOS",
                "description": {
                    "@type": "html",
                    "value": "descrição: <br>fid: 5<br>STRING: ESCOLA MUNICIPAL BENEDITA DA SILVA SANTOS<br>LATITUDE: -9.55954379121326<br>LONGITUDE: -35.7220178764053<br>CLASSIFIC.: ESC. MUNICIPAL"
                },
                "styleUrl": "#icon-1526-F9A825",
                "icon-opacity": 1,
                "icon-color": "#f9a825",
                "icon-scale": 1,
                "icon": "https://www.gstatic.com/mapspro/images/stock/503-wht-blank_maps.png",
                "descrição": "",
                "fid": 5,
                "STRING": "ESCOLA MUNICIPAL BENEDITA DA SILVA SANTOS",
                "LATITUDE": -9.55954379121326,
                "LONGITUDE": -35.7220178764053,
                "CLASSIFIC.": "ESC. MUNICIPAL"
            }
        },
        {
            "type": "Feature",
            "geometry": {
                "type": "Point",
                "coordinates": [
                    -35.75692,
                    -9.603763,
                    0
                ]
            },
            "properties": {
                "name": "ESCOLA MUNICIPAL MARCOS SORIANO",
                "description": {
                    "@type": "html",
                    "value": "descrição: <br>fid: 6<br>STRING: ESCOLA MUNICIPAL MARCOS SORIANO<br>LATITUDE: -9.60376526327137<br>LONGITUDE: -35.7569137089816<br>CLASSIFIC.: ESC. MUNICIPAL"
                },
                "styleUrl": "#icon-1526-F9A825",
                "icon-opacity": 1,
                "icon-color": "#f9a825",
                "icon-scale": 1,
                "icon": "https://www.gstatic.com/mapspro/images/stock/503-wht-blank_maps.png",
                "descrição": "",
                "fid": 6,
                "STRING": "ESCOLA MUNICIPAL MARCOS SORIANO",
                "LATITUDE": -9.60376526327137,
                "LONGITUDE": -35.7569137089816,
                "CLASSIFIC.": "ESC. MUNICIPAL"
            }
        },
        {
            "type": "Feature",
            "geometry": {
                "type": "Point",
                "coordinates": [
                    -35.701463,
                    -9.613409,
                    0
                ]
            },
            "properties": {
                "name": "ESCOLA MUNICIPAL PROFESSOR PAULO FREIRE",
                "description": {
                    "@type": "html",
                    "value": "descrição: <br>fid: 7<br>STRING: ESCOLA MUNICIPAL PROFESSOR PAULO FREIRE<br>LATITUDE: -9.6134116996001<br>LONGITUDE: -35.7014564191803<br>CLASSIFIC.: ESC. MUNICIPAL"
                },
                "styleUrl": "#icon-1526-F9A825",
                "icon-opacity": 1,
                "icon-color": "#f9a825",
                "icon-scale": 1,
                "icon": "https://www.gstatic.com/mapspro/images/stock/503-wht-blank_maps.png",
                "descrição": "",
                "fid": 7,
                "STRING": "ESCOLA MUNICIPAL PROFESSOR PAULO FREIRE",
                "LATITUDE": -9.6134116996001,
                "LONGITUDE": -35.7014564191803,
                "CLASSIFIC.": "ESC. MUNICIPAL"
            }
        },
        {
            "type": "Feature",
            "geometry": {
                "type": "Point",
                "coordinates": [
                    -35.786881,
                    -9.552027,
                    0
                ]
            },
            "properties": {
                "name": "ESCOLA MUNICIPAL MANOEL PEDRO DOS SANTOS",
                "description": {
                    "@type": "html",
                    "value": "descrição: <br>fid: 8<br>STRING: ESCOLA MUNICIPAL MANOEL PEDRO DOS SANTOS<br>LATITUDE: -9.55202907053048<br>LONGITUDE: -35.7868745978705<br>CLASSIFIC.: ESC. MUNICIPAL"
                },
                "styleUrl": "#icon-1526-F9A825",
                "icon-opacity": 1,
                "icon-color": "#f9a825",
                "icon-scale": 1,
                "icon": "https://www.gstatic.com/mapspro/images/stock/503-wht-blank_maps.png",
                "descrição": "",
                "fid": 8,
                "STRING": "ESCOLA MUNICIPAL MANOEL PEDRO DOS SANTOS",
                "LATITUDE": -9.55202907053048,
                "LONGITUDE": -35.7868745978705,
                "CLASSIFIC.": "ESC. MUNICIPAL"
            }
        },
        {
            "type": "Feature",
            "geometry": {
                "type": "Point",
                "coordinates": [
                    -35.750137,
                    -9.662064,
                    0
                ]
            },
            "properties": {
                "name": "ESCOLA MUNICIPAL DOUTOR JOSE BANDEIRA DE MEDEIROS",
                "description": {
                    "@type": "html",
                    "value": "descrição: <br>fid: 9<br>STRING: ESCOLA MUNICIPAL DOUTOR JOSE BANDEIRA DE MEDEIROS<br>LATITUDE: -9.66206642750866<br>LONGITUDE: -35.7501306744455<br>CLASSIFIC.: ESC. MUNICIPAL"
                },
                "styleUrl": "#icon-1526-F9A825",
                "icon-opacity": 1,
                "icon-color": "#f9a825",
                "icon-scale": 1,
                "icon": "https://www.gstatic.com/mapspro/images/stock/503-wht-blank_maps.png",
                "descrição": "",
                "fid": 9,
                "STRING": "ESCOLA MUNICIPAL DOUTOR JOSE BANDEIRA DE MEDEIROS",
                "LATITUDE": -9.66206642750866,
                "LONGITUDE": -35.7501306744455,
                "CLASSIFIC.": "ESC. MUNICIPAL"
            }
        },
        {
            "type": "Feature",
            "geometry": {
                "type": "Point",
                "coordinates": [
                    -35.774398,
                    -9.58491,
                    0
                ]
            },
            "properties": {
                "name": "ESCOLA MUNICIPAL CLETO MARQUES LUZ",
                "description": {
                    "@type": "html",
                    "value": "descrição: <br>fid: 10<br>STRING: ESCOLA MUNICIPAL CLETO MARQUES LUZ<br>LATITUDE: -9.58491260312672<br>LONGITUDE: -35.7743922388899<br>CLASSIFIC.: ESC. MUNICIPAL"
                },
                "styleUrl": "#icon-1526-F9A825",
                "icon-opacity": 1,
                "icon-color": "#f9a825",
                "icon-scale": 1,
                "icon": "https://www.gstatic.com/mapspro/images/stock/503-wht-blank_maps.png",
                "descrição": "",
                "fid": 10,
                "STRING": "ESCOLA MUNICIPAL CLETO MARQUES LUZ",
                "LATITUDE": -9.58491260312672,
                "LONGITUDE": -35.7743922388899,
                "CLASSIFIC.": "ESC. MUNICIPAL"
            }
        },
        {
            "type": "Feature",
            "geometry": {
                "type": "Point",
                "coordinates": [
                    -35.807927,
                    -9.571011,
                    0
                ]
            },
            "properties": {
                "name": "ESCOLA MUNICIPAL JOAO FEITOSA",
                "description": {
                    "@type": "html",
                    "value": "descrição: <br>fid: 11<br>STRING: ESCOLA MUNICIPAL JOAO FEITOSA<br>LATITUDE: -9.57109021804825<br>LONGITUDE: -35.8078003793669<br>CLASSIFIC.: ESC. MUNICIPAL"
                },
                "styleUrl": "#icon-1526-F9A825",
                "icon-opacity": 1,
                "icon-color": "#f9a825",
                "icon-scale": 1,
                "icon": "https://www.gstatic.com/mapspro/images/stock/503-wht-blank_maps.png",
                "descrição": "",
                "fid": 11,
                "STRING": "ESCOLA MUNICIPAL JOAO FEITOSA",
                "LATITUDE": -9.57109021804825,
                "LONGITUDE": -35.8078003793669,
                "CLASSIFIC.": "ESC. MUNICIPAL"
            }
        },
        {
            "type": "Feature",
            "geometry": {
                "type": "Point",
                "coordinates": [
                    -35.739177,
                    -9.630448,
                    0
                ]
            },
            "properties": {
                "name": "ESCOLA MUNICIPAL RADIALISTA EDECIO LOPES",
                "description": {
                    "@type": "html",
                    "value": "descrição: <br>fid: 12<br>STRING: ESCOLA MUNICIPAL RADIALISTA EDECIO LOPES<br>LATITUDE: -9.63403176953153<br>LONGITUDE: -35.7470636376359<br>CLASSIFIC.: ESC. MUNICIPAL"
                },
                "styleUrl": "#icon-1526-F9A825",
                "icon-opacity": 1,
                "icon-color": "#f9a825",
                "icon-scale": 1,
                "icon": "https://www.gstatic.com/mapspro/images/stock/503-wht-blank_maps.png",
                "descrição": "",
                "fid": 12,
                "STRING": "ESCOLA MUNICIPAL RADIALISTA EDECIO LOPES",
                "LATITUDE": -9.63403176953153,
                "LONGITUDE": -35.7470636376359,
                "CLASSIFIC.": "ESC. MUNICIPAL"
            }
        },
        {
            "type": "Feature",
            "geometry": {
                "type": "Point",
                "coordinates": [
                    -35.702483,
                    -9.618595,
                    0
                ]
            },
            "properties": {
                "name": "ESCOLA MUNICIPAL AUDIVAL AMELIO DA SILVA",
                "description": {
                    "@type": "html",
                    "value": "descrição: <br>fid: 13<br>STRING: ESCOLA MUNICIPAL AUDIVAL AMELIO DA SILVA<br>LATITUDE: -9.61859713884886<br>LONGITUDE: -35.7024767496731<br>CLASSIFIC.: ESC. MUNICIPAL"
                },
                "styleUrl": "#icon-1526-F9A825",
                "icon-opacity": 1,
                "icon-color": "#f9a825",
                "icon-scale": 1,
                "icon": "https://www.gstatic.com/mapspro/images/stock/503-wht-blank_maps.png",
                "descrição": "",
                "fid": 13,
                "STRING": "ESCOLA MUNICIPAL AUDIVAL AMELIO DA SILVA",
                "LATITUDE": -9.61859713884886,
                "LONGITUDE": -35.7024767496731,
                "CLASSIFIC.": "ESC. MUNICIPAL"
            }
        },
        {
            "type": "Feature",
            "geometry": {
                "type": "Point",
                "coordinates": [
                    -35.737317,
                    -9.579097,
                    0
                ]
            },
            "properties": {
                "name": "ESCOLA MUNICIPAL MARIA CECILIA PONTES CARNAUBA",
                "description": {
                    "@type": "html",
                    "value": "descrição: <br>fid: 14<br>STRING: ESCOLA MUNICIPAL MARIA CECILIA PONTES CARNAUBA<br>LATITUDE: -9.57909977365986<br>LONGITUDE: -35.7373106767391<br>CLASSIFIC.: ESC. MUNICIPAL"
                },
                "styleUrl": "#icon-1526-F9A825",
                "icon-opacity": 1,
                "icon-color": "#f9a825",
                "icon-scale": 1,
                "icon": "https://www.gstatic.com/mapspro/images/stock/503-wht-blank_maps.png",
                "descrição": "",
                "fid": 14,
                "STRING": "ESCOLA MUNICIPAL MARIA CECILIA PONTES CARNAUBA",
                "LATITUDE": -9.57909977365986,
                "LONGITUDE": -35.7373106767391,
                "CLASSIFIC.": "ESC. MUNICIPAL"
            }
        },
        {
            "type": "Feature",
            "geometry": {
                "type": "Point",
                "coordinates": [
                    -35.69857,
                    -9.636006,
                    0
                ]
            },
            "properties": {
                "name": "ESCOLA MUNICIPAL PEDRO BARBOSA JUNIOR",
                "description": {
                    "@type": "html",
                    "value": "descrição: <br>fid: 15<br>STRING: ESCOLA MUNICIPAL PEDRO BARBOSA JUNIOR<br>LATITUDE: -9.63622328242721<br>LONGITUDE: -35.6994531156692<br>CLASSIFIC.: ESC. MUNICIPAL"
                },
                "styleUrl": "#icon-1526-F9A825",
                "icon-opacity": 1,
                "icon-color": "#f9a825",
                "icon-scale": 1,
                "icon": "https://www.gstatic.com/mapspro/images/stock/503-wht-blank_maps.png",
                "descrição": "",
                "fid": 15,
                "STRING": "ESCOLA MUNICIPAL PEDRO BARBOSA JUNIOR",
                "LATITUDE": -9.63622328242721,
                "LONGITUDE": -35.6994531156692,
                "CLASSIFIC.": "ESC. MUNICIPAL"
            }
        },
        {
            "type": "Feature",
            "geometry": {
                "type": "Point",
                "coordinates": [
                    -35.719528,
                    -9.54157,
                    0
                ]
            },
            "properties": {
                "name": "ESCOLA MUNICIPAL PROFESSORA MARIA JOSE CLEMENTE ROCHA",
                "description": {
                    "@type": "html",
                    "value": "descrição: <br>fid: 16<br>STRING: ESCOLA MUNICIPAL PROFESSORA MARIA JOSE CLEMENTE ROCHA<br>LATITUDE: -9.54157285896489<br>LONGITUDE: -35.7195219678121<br>CLASSIFIC.: ESC. MUNICIPAL"
                },
                "styleUrl": "#icon-1526-F9A825",
                "icon-opacity": 1,
                "icon-color": "#f9a825",
                "icon-scale": 1,
                "icon": "https://www.gstatic.com/mapspro/images/stock/503-wht-blank_maps.png",
                "descrição": "",
                "fid": 16,
                "STRING": "ESCOLA MUNICIPAL PROFESSORA MARIA JOSE CLEMENTE ROCHA",
                "LATITUDE": -9.54157285896489,
                "LONGITUDE": -35.7195219678121,
                "CLASSIFIC.": "ESC. MUNICIPAL"
            }
        },
        {
            "type": "Feature",
            "geometry": {
                "type": "Point",
                "coordinates": [
                    -35.750945,
                    -9.576199,
                    0
                ]
            },
            "properties": {
                "name": "CMEI JORGE DE LIMA",
                "description": {
                    "@type": "html",
                    "value": "descrição: <br>fid: 17<br>STRING: CMEI JORGE DE LIMA<br>LATITUDE: -9.57620136290096<br>LONGITUDE: -35.7509385391007<br>CLASSIFIC.: ESC. MUNICIPAL"
                },
                "styleUrl": "#icon-1526-F9A825",
                "icon-opacity": 1,
                "icon-color": "#f9a825",
                "icon-scale": 1,
                "icon": "https://www.gstatic.com/mapspro/images/stock/503-wht-blank_maps.png",
                "descrição": "",
                "fid": 17,
                "STRING": "CMEI JORGE DE LIMA",
                "LATITUDE": -9.57620136290096,
                "LONGITUDE": -35.7509385391007,
                "CLASSIFIC.": "ESC. MUNICIPAL"
            }
        },
        {
            "type": "Feature",
            "geometry": {
                "type": "Point",
                "coordinates": [
                    -35.765247,
                    -9.556904,
                    0
                ]
            },
            "properties": {
                "name": "ESCOLA MUNICIPAL CICERO DUE DA SILVA",
                "description": {
                    "@type": "html",
                    "value": "descrição: <br>fid: 18<br>STRING: ESCOLA MUNICIPAL CICERO DUE DA SILVA<br>LATITUDE: -9.55690646973646<br>LONGITUDE: -35.7652411565973<br>CLASSIFIC.: ESC. MUNICIPAL"
                },
                "styleUrl": "#icon-1526-F9A825",
                "icon-opacity": 1,
                "icon-color": "#f9a825",
                "icon-scale": 1,
                "icon": "https://www.gstatic.com/mapspro/images/stock/503-wht-blank_maps.png",
                "descrição": "",
                "fid": 18,
                "STRING": "ESCOLA MUNICIPAL CICERO DUE DA SILVA",
                "LATITUDE": -9.55690646973646,
                "LONGITUDE": -35.7652411565973,
                "CLASSIFIC.": "ESC. MUNICIPAL"
            }
        },
        {
            "type": "Feature",
            "geometry": {
                "type": "Point",
                "coordinates": [
                    -35.760861,
                    -9.607804,
                    0
                ]
            },
            "properties": {
                "name": "ESCOLA MUNICIPAL PROFESSORA ZILKA DE OLIVEIRA GRACA",
                "description": {
                    "@type": "html",
                    "value": "descrição: <br>fid: 19<br>STRING: ESCOLA MUNICIPAL PROFESSORA ZILKA DE OLIVEIRA GRACA<br>LATITUDE: -9.60780701253874<br>LONGITUDE: -35.7608545349567<br>CLASSIFIC.: ESC. MUNICIPAL"
                },
                "styleUrl": "#icon-1526-F9A825",
                "icon-opacity": 1,
                "icon-color": "#f9a825",
                "icon-scale": 1,
                "icon": "https://www.gstatic.com/mapspro/images/stock/503-wht-blank_maps.png",
                "descrição": "",
                "fid": 19,
                "STRING": "ESCOLA MUNICIPAL PROFESSORA ZILKA DE OLIVEIRA GRACA",
                "LATITUDE": -9.60780701253874,
                "LONGITUDE": -35.7608545349567,
                "CLASSIFIC.": "ESC. MUNICIPAL"
            }
        },
        {
            "type": "Feature",
            "geometry": {
                "type": "Point",
                "coordinates": [
                    -35.741564,
                    -9.569682,
                    0
                ]
            },
            "properties": {
                "name": "ESCOLA MUNICIPAL PROFESSORA MARIZETTE CORREIA NUNES BRUNO",
                "description": {
                    "@type": "html",
                    "value": "descrição: <br>fid: 20<br>STRING: ESCOLA MUNICIPAL PROFESSORA MARIZETTE CORREIA NUNES BRUNO<br>LATITUDE: -9.56968468623812<br>LONGITUDE: -35.7415577620233<br>CLASSIFIC.: ESC. MUNICIPAL"
                },
                "styleUrl": "#icon-1526-F9A825",
                "icon-opacity": 1,
                "icon-color": "#f9a825",
                "icon-scale": 1,
                "icon": "https://www.gstatic.com/mapspro/images/stock/503-wht-blank_maps.png",
                "descrição": "",
                "fid": 20,
                "STRING": "ESCOLA MUNICIPAL PROFESSORA MARIZETTE CORREIA NUNES BRUNO",
                "LATITUDE": -9.56968468623812,
                "LONGITUDE": -35.7415577620233,
                "CLASSIFIC.": "ESC. MUNICIPAL"
            }
        },
        {
            "type": "Feature",
            "geometry": {
                "type": "Point",
                "coordinates": [
                    -35.769629,
                    -9.579095,
                    0
                ]
            },
            "properties": {
                "name": "CMEI PROFESSORA MARIA DE FATIMA MELO SANTOS",
                "description": {
                    "@type": "html",
                    "value": "descrição: <br>fid: 21<br>STRING: CMEI PROFESSORA MARIA DE FATIMA MELO SANTOS<br>LATITUDE: -9.57938417081998<br>LONGITUDE: -35.7703909145409<br>CLASSIFIC.: ESC. MUNICIPAL"
                },
                "styleUrl": "#icon-1526-F9A825",
                "icon-opacity": 1,
                "icon-color": "#f9a825",
                "icon-scale": 1,
                "icon": "https://www.gstatic.com/mapspro/images/stock/503-wht-blank_maps.png",
                "descrição": "",
                "fid": 21,
                "STRING": "CMEI PROFESSORA MARIA DE FATIMA MELO SANTOS",
                "LATITUDE": -9.57938417081998,
                "LONGITUDE": -35.7703909145409,
                "CLASSIFIC.": "ESC. MUNICIPAL"
            }
        },
        {
            "type": "Feature",
            "geometry": {
                "type": "Point",
                "coordinates": [
                    -35.716649,
                    -9.63476,
                    0
                ]
            },
            "properties": {
                "name": "ESCOLA MUNICIPAL PROFESSORA MARILUCIA MACEDO DOS SANTOS",
                "description": {
                    "@type": "html",
                    "value": "descrição: <br>fid: 22<br>STRING: ESCOLA MUNICIPAL PROFESSORA MARILUCIA MACEDO DOS SANTOS<br>LATITUDE: -9.63476228034914<br>LONGITUDE: -35.71664267989<br>CLASSIFIC.: ESC. MUNICIPAL"
                },
                "styleUrl": "#icon-1526-F9A825",
                "icon-opacity": 1,
                "icon-color": "#f9a825",
                "icon-scale": 1,
                "icon": "https://www.gstatic.com/mapspro/images/stock/503-wht-blank_maps.png",
                "descrição": "",
                "fid": 22,
                "STRING": "ESCOLA MUNICIPAL PROFESSORA MARILUCIA MACEDO DOS SANTOS",
                "LATITUDE": -9.63476228034914,
                "LONGITUDE": -35.71664267989,
                "CLASSIFIC.": "ESC. MUNICIPAL"
            }
        },
        {
            "type": "Feature",
            "geometry": {
                "type": "Point",
                "coordinates": [
                    -35.751377,
                    -9.534292,
                    0
                ]
            },
            "properties": {
                "name": "ESCOLA MUNICIPAL YEDA OLIVEIRA DOS SANTOS",
                "description": {
                    "@type": "html",
                    "value": "descrição: <br>fid: 23<br>STRING: ESCOLA MUNICIPAL YEDA OLIVEIRA DOS SANTOS<br>LATITUDE: -9.5338383456348<br>LONGITUDE: -35.7492685820648<br>CLASSIFIC.: ESC. MUNICIPAL"
                },
                "styleUrl": "#icon-1526-F9A825",
                "icon-opacity": 1,
                "icon-color": "#f9a825",
                "icon-scale": 1,
                "icon": "https://www.gstatic.com/mapspro/images/stock/503-wht-blank_maps.png",
                "descrição": "",
                "fid": 23,
                "STRING": "ESCOLA MUNICIPAL YEDA OLIVEIRA DOS SANTOS",
                "LATITUDE": -9.5338383456348,
                "LONGITUDE": -35.7492685820648,
                "CLASSIFIC.": "ESC. MUNICIPAL"
            }
        },
        {
            "type": "Feature",
            "geometry": {
                "type": "Point",
                "coordinates": [
                    -35.726373,
                    -9.637851,
                    0
                ]
            },
            "properties": {
                "name": "ESCOLA MUNICIPAL OLAVO BILAC",
                "description": {
                    "@type": "html",
                    "value": "descrição: <br>fid: 24<br>STRING: ESCOLA MUNICIPAL OLAVO BILAC<br>LATITUDE: -9.63785359594447<br>LONGITUDE: -35.7263663628488<br>CLASSIFIC.: ESC. MUNICIPAL"
                },
                "styleUrl": "#icon-1526-F9A825",
                "icon-opacity": 1,
                "icon-color": "#f9a825",
                "icon-scale": 1,
                "icon": "https://www.gstatic.com/mapspro/images/stock/503-wht-blank_maps.png",
                "descrição": "",
                "fid": 24,
                "STRING": "ESCOLA MUNICIPAL OLAVO BILAC",
                "LATITUDE": -9.63785359594447,
                "LONGITUDE": -35.7263663628488,
                "CLASSIFIC.": "ESC. MUNICIPAL"
            }
        },
        {
            "type": "Feature",
            "geometry": {
                "type": "Point",
                "coordinates": [
                    -35.758878,
                    -9.579954,
                    0
                ]
            },
            "properties": {
                "name": "ESCOLA MUNICIPAL JAIME AMORIM MIRANDA",
                "description": {
                    "@type": "html",
                    "value": "descrição: <br>fid: 25<br>STRING: ESCOLA MUNICIPAL JAIME AMORIM MIRANDA<br>LATITUDE: -9.57979852689641<br>LONGITUDE: -35.758766448821<br>CLASSIFIC.: ESC. MUNICIPAL"
                },
                "styleUrl": "#icon-1526-F9A825",
                "icon-opacity": 1,
                "icon-color": "#f9a825",
                "icon-scale": 1,
                "icon": "https://www.gstatic.com/mapspro/images/stock/503-wht-blank_maps.png",
                "descrição": "",
                "fid": 25,
                "STRING": "ESCOLA MUNICIPAL JAIME AMORIM MIRANDA",
                "LATITUDE": -9.57979852689641,
                "LONGITUDE": -35.758766448821,
                "CLASSIFIC.": "ESC. MUNICIPAL"
            }
        },
        {
            "type": "Feature",
            "geometry": {
                "type": "Point",
                "coordinates": [
                    -35.789401,
                    -9.549894,
                    0
                ]
            },
            "properties": {
                "name": "ESCOLA MUNICIPAL CESAR AUGUSTO DE OLIVEIRA",
                "description": {
                    "@type": "html",
                    "value": "descrição: <br>fid: 26<br>STRING: ESCOLA MUNICIPAL CESAR AUGUSTO DE OLIVEIRA<br>LATITUDE: -9.54989645880325<br>LONGITUDE: -35.789394829915<br>CLASSIFIC.: ESC. MUNICIPAL"
                },
                "styleUrl": "#icon-1526-F9A825",
                "icon-opacity": 1,
                "icon-color": "#f9a825",
                "icon-scale": 1,
                "icon": "https://www.gstatic.com/mapspro/images/stock/503-wht-blank_maps.png",
                "descrição": "",
                "fid": 26,
                "STRING": "ESCOLA MUNICIPAL CESAR AUGUSTO DE OLIVEIRA",
                "LATITUDE": -9.54989645880325,
                "LONGITUDE": -35.789394829915,
                "CLASSIFIC.": "ESC. MUNICIPAL"
            }
        },
        {
            "type": "Feature",
            "geometry": {
                "type": "Point",
                "coordinates": [
                    -35.749941,
                    -9.541527,
                    0
                ]
            },
            "properties": {
                "name": "ESCOLA MUNICIPAL SILVIA CELINA NUNES LIMA",
                "description": {
                    "@type": "html",
                    "value": "descrição: <br>fid: 27<br>STRING: ESCOLA MUNICIPAL SILVIA CELINA NUNES LIMA<br>LATITUDE: -9.54152986774597<br>LONGITUDE: -35.7499347210763<br>CLASSIFIC.: ESC. MUNICIPAL"
                },
                "styleUrl": "#icon-1526-F9A825",
                "icon-opacity": 1,
                "icon-color": "#f9a825",
                "icon-scale": 1,
                "icon": "https://www.gstatic.com/mapspro/images/stock/503-wht-blank_maps.png",
                "descrição": "",
                "fid": 27,
                "STRING": "ESCOLA MUNICIPAL SILVIA CELINA NUNES LIMA",
                "LATITUDE": -9.54152986774597,
                "LONGITUDE": -35.7499347210763,
                "CLASSIFIC.": "ESC. MUNICIPAL"
            }
        },
        {
            "type": "Feature",
            "geometry": {
                "type": "Point",
                "coordinates": [
                    -35.73826,
                    -9.554372,
                    0
                ]
            },
            "properties": {
                "name": "ESCOLA MUNICIPAL PADRE BRANDAO LIMA",
                "description": {
                    "@type": "html",
                    "value": "descrição: <br>fid: 28<br>STRING: ESCOLA MUNICIPAL PADRE BRANDAO LIMA<br>LATITUDE: -9.63786181078644<br>LONGITUDE: -35.7445254260967<br>CLASSIFIC.: ESC. MUNICIPAL"
                },
                "styleUrl": "#icon-1526-F9A825",
                "icon-opacity": 1,
                "icon-color": "#f9a825",
                "icon-scale": 1,
                "icon": "https://www.gstatic.com/mapspro/images/stock/503-wht-blank_maps.png",
                "descrição": "",
                "fid": 28,
                "STRING": "ESCOLA MUNICIPAL PADRE BRANDAO LIMA",
                "LATITUDE": -9.63786181078644,
                "LONGITUDE": -35.7445254260967,
                "CLASSIFIC.": "ESC. MUNICIPAL"
            }
        },
        {
            "type": "Feature",
            "geometry": {
                "type": "Point",
                "coordinates": [
                    -35.774116,
                    -9.575625,
                    0
                ]
            },
            "properties": {
                "name": "ESCOLA MUNICIPAL OCTAVIO BRANDAO",
                "description": {
                    "@type": "html",
                    "value": "descrição: <br>fid: 29<br>STRING: ESCOLA MUNICIPAL OCTAVIO BRANDAO<br>LATITUDE: -9.57562707749239<br>LONGITUDE: -35.7741093984003<br>CLASSIFIC.: ESC. MUNICIPAL"
                },
                "styleUrl": "#icon-1526-F9A825",
                "icon-opacity": 1,
                "icon-color": "#f9a825",
                "icon-scale": 1,
                "icon": "https://www.gstatic.com/mapspro/images/stock/503-wht-blank_maps.png",
                "descrição": "",
                "fid": 29,
                "STRING": "ESCOLA MUNICIPAL OCTAVIO BRANDAO",
                "LATITUDE": -9.57562707749239,
                "LONGITUDE": -35.7741093984003,
                "CLASSIFIC.": "ESC. MUNICIPAL"
            }
        },
        {
            "type": "Feature",
            "geometry": {
                "type": "Point",
                "coordinates": [
                    -35.719037,
                    -9.545638,
                    0
                ]
            },
            "properties": {
                "name": "ESCOLA MUNICIPAL MARIA DE FATIMA LYRA",
                "description": {
                    "@type": "html",
                    "value": "descrição: <br>fid: 30<br>STRING: ESCOLA MUNICIPAL MARIA DE FATIMA LYRA<br>LATITUDE: -9.5456403000835<br>LONGITUDE: -35.7190306209934<br>CLASSIFIC.: ESC. MUNICIPAL"
                },
                "styleUrl": "#icon-1526-F9A825",
                "icon-opacity": 1,
                "icon-color": "#f9a825",
                "icon-scale": 1,
                "icon": "https://www.gstatic.com/mapspro/images/stock/503-wht-blank_maps.png",
                "descrição": "",
                "fid": 30,
                "STRING": "ESCOLA MUNICIPAL MARIA DE FATIMA LYRA",
                "LATITUDE": -9.5456403000835,
                "LONGITUDE": -35.7190306209934,
                "CLASSIFIC.": "ESC. MUNICIPAL"
            }
        },
        {
            "type": "Feature",
            "geometry": {
                "type": "Point",
                "coordinates": [
                    -35.757446,
                    -9.567183,
                    0
                ]
            },
            "properties": {
                "name": "ESCOLA MUNICIPAL PROFESSORA NATALINA COSTA CAVALCANTE",
                "description": {
                    "@type": "html",
                    "value": "descrição: <br>fid: 31<br>STRING: ESCOLA MUNICIPAL PROFESSORA NATALINA COSTA CAVALCANTE<br>LATITUDE: -9.56718546928172<br>LONGITUDE: -35.7574397665041<br>CLASSIFIC.: ESC. MUNICIPAL"
                },
                "styleUrl": "#icon-1526-F9A825",
                "icon-opacity": 1,
                "icon-color": "#f9a825",
                "icon-scale": 1,
                "icon": "https://www.gstatic.com/mapspro/images/stock/503-wht-blank_maps.png",
                "descrição": "",
                "fid": 31,
                "STRING": "ESCOLA MUNICIPAL PROFESSORA NATALINA COSTA CAVALCANTE",
                "LATITUDE": -9.56718546928172,
                "LONGITUDE": -35.7574397665041,
                "CLASSIFIC.": "ESC. MUNICIPAL"
            }
        },
        {
            "type": "Feature",
            "geometry": {
                "type": "Point",
                "coordinates": [
                    -35.725759,
                    -9.550314,
                    0
                ]
            },
            "properties": {
                "name": "ESCOLA MUNICIPAL PAULO HENRIQUE COSTA BANDEIRA",
                "description": {
                    "@type": "html",
                    "value": "descrição: <br>fid: 32<br>STRING: ESCOLA MUNICIPAL PAULO HENRIQUE COSTA BANDEIRA<br>LATITUDE: -9.550316558381<br>LONGITUDE: -35.7257528691891<br>CLASSIFIC.: ESC. MUNICIPAL"
                },
                "styleUrl": "#icon-1526-F9A825",
                "icon-opacity": 1,
                "icon-color": "#f9a825",
                "icon-scale": 1,
                "icon": "https://www.gstatic.com/mapspro/images/stock/503-wht-blank_maps.png",
                "descrição": "",
                "fid": 32,
                "STRING": "ESCOLA MUNICIPAL PAULO HENRIQUE COSTA BANDEIRA",
                "LATITUDE": -9.550316558381,
                "LONGITUDE": -35.7257528691891,
                "CLASSIFIC.": "ESC. MUNICIPAL"
            }
        },
        {
            "type": "Feature",
            "geometry": {
                "type": "Point",
                "coordinates": [
                    -35.727905,
                    -9.660003,
                    0
                ]
            },
            "properties": {
                "name": "ESCOLA MUNICIPAL PROFESSORA MARIA JOSE CARRASCOSA",
                "description": {
                    "@type": "html",
                    "value": "descrição: <br>fid: 33<br>STRING: ESCOLA MUNICIPAL PROFESSORA MARIA JOSE CARRASCOSA<br>LATITUDE: -9.66000591365932<br>LONGITUDE: -35.7278983425352<br>CLASSIFIC.: ESC. MUNICIPAL"
                },
                "styleUrl": "#icon-1526-F9A825",
                "icon-opacity": 1,
                "icon-color": "#f9a825",
                "icon-scale": 1,
                "icon": "https://www.gstatic.com/mapspro/images/stock/503-wht-blank_maps.png",
                "descrição": "",
                "fid": 33,
                "STRING": "ESCOLA MUNICIPAL PROFESSORA MARIA JOSE CARRASCOSA",
                "LATITUDE": -9.66000591365932,
                "LONGITUDE": -35.7278983425352,
                "CLASSIFIC.": "ESC. MUNICIPAL"
            }
        },
        {
            "type": "Feature",
            "geometry": {
                "type": "Point",
                "coordinates": [
                    -35.770623,
                    -9.544248,
                    0
                ]
            },
            "properties": {
                "name": "ESCOLA MUNICIPAL DOUTOR DENISSON LUIZ CERQUEIRA MENEZES",
                "description": {
                    "@type": "html",
                    "value": "descrição: <br>fid: 34<br>STRING: ESCOLA MUNICIPAL DOUTOR DENISSON LUIZ CERQUEIRA MENEZES<br>LATITUDE: -9.54448891850315<br>LONGITUDE: -35.7701592538327<br>CLASSIFIC.: ESC. MUNICIPAL"
                },
                "styleUrl": "#icon-1526-F9A825",
                "icon-opacity": 1,
                "icon-color": "#f9a825",
                "icon-scale": 1,
                "icon": "https://www.gstatic.com/mapspro/images/stock/503-wht-blank_maps.png",
                "descrição": "",
                "fid": 34,
                "STRING": "ESCOLA MUNICIPAL DOUTOR DENISSON LUIZ CERQUEIRA MENEZES",
                "LATITUDE": -9.54448891850315,
                "LONGITUDE": -35.7701592538327,
                "CLASSIFIC.": "ESC. MUNICIPAL"
            }
        },
        {
            "type": "Feature",
            "geometry": {
                "type": "Point",
                "coordinates": [
                    -35.722341,
                    -9.557307,
                    0
                ]
            },
            "properties": {
                "name": "ESCOLA MUNICIPAL FREI DAMIAO",
                "description": {
                    "@type": "html",
                    "value": "descrição: <br>fid: 35<br>STRING: ESCOLA MUNICIPAL FREI DAMIAO<br>LATITUDE: -9.55730981424184<br>LONGITUDE: -35.7223344060148<br>CLASSIFIC.: ESC. MUNICIPAL"
                },
                "styleUrl": "#icon-1526-F9A825",
                "icon-opacity": 1,
                "icon-color": "#f9a825",
                "icon-scale": 1,
                "icon": "https://www.gstatic.com/mapspro/images/stock/503-wht-blank_maps.png",
                "descrição": "",
                "fid": 35,
                "STRING": "ESCOLA MUNICIPAL FREI DAMIAO",
                "LATITUDE": -9.55730981424184,
                "LONGITUDE": -35.7223344060148,
                "CLASSIFIC.": "ESC. MUNICIPAL"
            }
        },
        {
            "type": "Feature",
            "geometry": {
                "type": "Point",
                "coordinates": [
                    -35.768679,
                    -9.543769,
                    0
                ]
            },
            "properties": {
                "name": "ESCOLA DE ENSINO FUNDAMENTAL LUIS PEDRO DA SILVA IV",
                "description": {
                    "@type": "html",
                    "value": "descrição: <br>fid: 36<br>STRING: ESCOLA DE ENSINO FUNDAMENTAL LUIS PEDRO DA SILVA IV<br>LATITUDE: -9.54406935028803<br>LONGITUDE: -35.7689150481636<br>CLASSIFIC.: ESC. MUNICIPAL"
                },
                "styleUrl": "#icon-1526-F9A825",
                "icon-opacity": 1,
                "icon-color": "#f9a825",
                "icon-scale": 1,
                "icon": "https://www.gstatic.com/mapspro/images/stock/503-wht-blank_maps.png",
                "descrição": "",
                "fid": 36,
                "STRING": "ESCOLA DE ENSINO FUNDAMENTAL LUIS PEDRO DA SILVA IV",
                "LATITUDE": -9.54406935028803,
                "LONGITUDE": -35.7689150481636,
                "CLASSIFIC.": "ESC. MUNICIPAL"
            }
        },
        {
            "type": "Feature",
            "geometry": {
                "type": "Point",
                "coordinates": [
                    -35.788383,
                    -9.576181,
                    0
                ]
            },
            "properties": {
                "name": "ESCOLA DE ENSINO FUNDAMENTAL LUIS PEDRO DA SILVA II",
                "description": {
                    "@type": "html",
                    "value": "descrição: <br>fid: 37<br>STRING: ESCOLA DE ENSINO FUNDAMENTAL LUIS PEDRO DA SILVA II<br>LATITUDE: -9.57618326766302<br>LONGITUDE: -35.7883769188555<br>CLASSIFIC.: ESC. MUNICIPAL"
                },
                "styleUrl": "#icon-1526-F9A825",
                "icon-opacity": 1,
                "icon-color": "#f9a825",
                "icon-scale": 1,
                "icon": "https://www.gstatic.com/mapspro/images/stock/503-wht-blank_maps.png",
                "descrição": "",
                "fid": 37,
                "STRING": "ESCOLA DE ENSINO FUNDAMENTAL LUIS PEDRO DA SILVA II",
                "LATITUDE": -9.57618326766302,
                "LONGITUDE": -35.7883769188555,
                "CLASSIFIC.": "ESC. MUNICIPAL"
            }
        },
        {
            "type": "Feature",
            "geometry": {
                "type": "Point",
                "coordinates": [
                    -35.774002,
                    -9.553132,
                    0
                ]
            },
            "properties": {
                "name": "CMEI TELMA VITORIA - NDI",
                "description": {
                    "@type": "html",
                    "value": "descrição: <br>fid: 38<br>STRING: CMEI TELMA VITORIA - NDI<br>LATITUDE: -9.55313447370455<br>LONGITUDE: -35.7739954345302<br>CLASSIFIC.: ESC. MUNICIPAL"
                },
                "styleUrl": "#icon-1526-F9A825",
                "icon-opacity": 1,
                "icon-color": "#f9a825",
                "icon-scale": 1,
                "icon": "https://www.gstatic.com/mapspro/images/stock/503-wht-blank_maps.png",
                "descrição": "",
                "fid": 38,
                "STRING": "CMEI TELMA VITORIA - NDI",
                "LATITUDE": -9.55313447370455,
                "LONGITUDE": -35.7739954345302,
                "CLASSIFIC.": "ESC. MUNICIPAL"
            }
        },
        {
            "type": "Feature",
            "geometry": {
                "type": "Point",
                "coordinates": [
                    -35.716228,
                    -9.567704,
                    0
                ]
            },
            "properties": {
                "name": "ESCOLA MUNICIPAL PROFESSOR AURELIO BUARQUE DE HOLANDA FERREIRA",
                "description": {
                    "@type": "html",
                    "value": "descrição: <br>fid: 39<br>STRING: ESCOLA MUNICIPAL PROFESSOR AURELIO BUARQUE DE HOLANDA FERREIRA<br>LATITUDE: -9.56770694243523<br>LONGITUDE: -35.7162214546463<br>CLASSIFIC.: ESC. MUNICIPAL"
                },
                "styleUrl": "#icon-1526-F9A825",
                "icon-opacity": 1,
                "icon-color": "#f9a825",
                "icon-scale": 1,
                "icon": "https://www.gstatic.com/mapspro/images/stock/503-wht-blank_maps.png",
                "descrição": "",
                "fid": 39,
                "STRING": "ESCOLA MUNICIPAL PROFESSOR AURELIO BUARQUE DE HOLANDA FERREIRA",
                "LATITUDE": -9.56770694243523,
                "LONGITUDE": -35.7162214546463,
                "CLASSIFIC.": "ESC. MUNICIPAL"
            }
        },
        {
            "type": "Feature",
            "geometry": {
                "type": "Point",
                "coordinates": [
                    -35.713505,
                    -9.561092,
                    0
                ]
            },
            "properties": {
                "name": "ESCOLA MUNICIPAL PROFESSOR PETRONIO VIANA",
                "description": {
                    "@type": "html",
                    "value": "descrição: <br>fid: 40<br>STRING: ESCOLA MUNICIPAL PROFESSOR PETRONIO VIANA<br>LATITUDE: -9.56109442526992<br>LONGITUDE: -35.713498934936<br>CLASSIFIC.: ESC. MUNICIPAL"
                },
                "styleUrl": "#icon-1526-F9A825",
                "icon-opacity": 1,
                "icon-color": "#f9a825",
                "icon-scale": 1,
                "icon": "https://www.gstatic.com/mapspro/images/stock/503-wht-blank_maps.png",
                "descrição": "",
                "fid": 40,
                "STRING": "ESCOLA MUNICIPAL PROFESSOR PETRONIO VIANA",
                "LATITUDE": -9.56109442526992,
                "LONGITUDE": -35.713498934936,
                "CLASSIFIC.": "ESC. MUNICIPAL"
            }
        },
        {
            "type": "Feature",
            "geometry": {
                "type": "Point",
                "coordinates": [
                    -35.729127,
                    -9.555741,
                    0
                ]
            },
            "properties": {
                "name": "ESCOLA MUNICIPAL PROFESSORA ELMA MARQUES CURTI",
                "description": {
                    "@type": "html",
                    "value": "descrição: <br>fid: 41<br>STRING: ESCOLA MUNICIPAL PROFESSORA ELMA MARQUES CURTI<br>LATITUDE: -9.55574311081011<br>LONGITUDE: -35.7291207979581<br>CLASSIFIC.: ESC. MUNICIPAL"
                },
                "styleUrl": "#icon-1526-F9A825",
                "icon-opacity": 1,
                "icon-color": "#f9a825",
                "icon-scale": 1,
                "icon": "https://www.gstatic.com/mapspro/images/stock/503-wht-blank_maps.png",
                "descrição": "",
                "fid": 41,
                "STRING": "ESCOLA MUNICIPAL PROFESSORA ELMA MARQUES CURTI",
                "LATITUDE": -9.55574311081011,
                "LONGITUDE": -35.7291207979581,
                "CLASSIFIC.": "ESC. MUNICIPAL"
            }
        },
        {
            "type": "Feature",
            "geometry": {
                "type": "Point",
                "coordinates": [
                    -35.749376,
                    -9.658334,
                    0
                ]
            },
            "properties": {
                "name": "ESCOLA MUNICIPAL PROF. RANILSON FRANÇA DE SOUZA",
                "description": {
                    "@type": "html",
                    "value": "descrição: <br>fid: 42<br>STRING: ESCOLA MUNICIPAL PROF. RANILSON FRANÇA DE SOUZA<br>LATITUDE: -9.65833638025797<br>LONGITUDE: -35.7493697701643<br>CLASSIFIC.: ESC. MUNICIPAL"
                },
                "styleUrl": "#icon-1526-F9A825",
                "icon-opacity": 1,
                "icon-color": "#f9a825",
                "icon-scale": 1,
                "icon": "https://www.gstatic.com/mapspro/images/stock/503-wht-blank_maps.png",
                "descrição": "",
                "fid": 42,
                "STRING": "ESCOLA MUNICIPAL PROF. RANILSON FRANÇA DE SOUZA",
                "LATITUDE": -9.65833638025797,
                "LONGITUDE": -35.7493697701643,
                "CLASSIFIC.": "ESC. MUNICIPAL"
            }
        },
        {
            "type": "Feature",
            "geometry": {
                "type": "Point",
                "coordinates": [
                    -35.7476,
                    -9.668857,
                    0
                ]
            },
            "properties": {
                "name": "ESCOLA MUNICIPAL PIO X",
                "description": {
                    "@type": "html",
                    "value": "descrição: <br>fid: 43<br>STRING: ESCOLA MUNICIPAL PIO X<br>LATITUDE: -9.66868989985839<br>LONGITUDE: -35.7466467623678<br>CLASSIFIC.: ESC. MUNICIPAL"
                },
                "styleUrl": "#icon-1526-F9A825",
                "icon-opacity": 1,
                "icon-color": "#f9a825",
                "icon-scale": 1,
                "icon": "https://www.gstatic.com/mapspro/images/stock/503-wht-blank_maps.png",
                "descrição": "",
                "fid": 43,
                "STRING": "ESCOLA MUNICIPAL PIO X",
                "LATITUDE": -9.66868989985839,
                "LONGITUDE": -35.7466467623678,
                "CLASSIFIC.": "ESC. MUNICIPAL"
            }
        },
        {
            "type": "Feature",
            "geometry": {
                "type": "Point",
                "coordinates": [
                    -35.756986,
                    -9.674298,
                    0
                ]
            },
            "properties": {
                "name": "ESCOLA MUNICIPAL PROFESSORA CLAUDINETE BATISTA",
                "description": {
                    "@type": "html",
                    "value": "descrição: <br>fid: 44<br>STRING: ESCOLA MUNICIPAL PROFESSORA CLAUDINETE BATISTA<br>LATITUDE: -9.67644828974321<br>LONGITUDE: -35.7561169669073<br>CLASSIFIC.: ESC. MUNICIPAL"
                },
                "styleUrl": "#icon-1526-F9A825",
                "icon-opacity": 1,
                "icon-color": "#f9a825",
                "icon-scale": 1,
                "icon": "https://www.gstatic.com/mapspro/images/stock/503-wht-blank_maps.png",
                "descrição": "",
                "fid": 44,
                "STRING": "ESCOLA MUNICIPAL PROFESSORA CLAUDINETE BATISTA",
                "LATITUDE": -9.67644828974321,
                "LONGITUDE": -35.7561169669073,
                "CLASSIFIC.": "ESC. MUNICIPAL"
            }
        },
        {
            "type": "Feature",
            "geometry": {
                "type": "Point",
                "coordinates": [
                    -35.719782,
                    -9.651483,
                    0
                ]
            },
            "properties": {
                "name": "ESCOLA MUNICIPAL CICERA LUCIMAR DE SENA SANTOS",
                "description": {
                    "@type": "html",
                    "value": "descrição: <br>fid: 45<br>STRING: ESCOLA MUNICIPAL CICERA LUCIMAR DE SENA SANTOS<br>LATITUDE: -9.65148519493455<br>LONGITUDE: -35.719775415892<br>CLASSIFIC.: ESC. MUNICIPAL"
                },
                "styleUrl": "#icon-1526-F9A825",
                "icon-opacity": 1,
                "icon-color": "#f9a825",
                "icon-scale": 1,
                "icon": "https://www.gstatic.com/mapspro/images/stock/503-wht-blank_maps.png",
                "descrição": "",
                "fid": 45,
                "STRING": "ESCOLA MUNICIPAL CICERA LUCIMAR DE SENA SANTOS",
                "LATITUDE": -9.65148519493455,
                "LONGITUDE": -35.719775415892,
                "CLASSIFIC.": "ESC. MUNICIPAL"
            }
        },
        {
            "type": "Feature",
            "geometry": {
                "type": "Point",
                "coordinates": [
                    -35.740942,
                    -9.573448,
                    0
                ]
            },
            "properties": {
                "name": "ESCOLA MUNICIPAL DOUTORA NISE DA SILVEIRA",
                "description": {
                    "@type": "html",
                    "value": "descrição: <br>fid: 46<br>STRING: ESCOLA MUNICIPAL DOUTORA NISE DA SILVEIRA<br>LATITUDE: -9.57345047055227<br>LONGITUDE: -35.7409354831606<br>CLASSIFIC.: ESC. MUNICIPAL"
                },
                "styleUrl": "#icon-1526-F9A825",
                "icon-opacity": 1,
                "icon-color": "#f9a825",
                "icon-scale": 1,
                "icon": "https://www.gstatic.com/mapspro/images/stock/503-wht-blank_maps.png",
                "descrição": "",
                "fid": 46,
                "STRING": "ESCOLA MUNICIPAL DOUTORA NISE DA SILVEIRA",
                "LATITUDE": -9.57345047055227,
                "LONGITUDE": -35.7409354831606,
                "CLASSIFIC.": "ESC. MUNICIPAL"
            }
        },
        {
            "type": "Feature",
            "geometry": {
                "type": "Point",
                "coordinates": [
                    -35.720846,
                    -9.572243,
                    0
                ]
            },
            "properties": {
                "name": "ESCOLA MUNICIPAL SELMA BANDEIRA",
                "description": {
                    "@type": "html",
                    "value": "descrição: <br>fid: 47<br>STRING: ESCOLA MUNICIPAL SELMA BANDEIRA<br>LATITUDE: -9.57223092935257<br>LONGITUDE: -35.720925485271<br>CLASSIFIC.: ESC. MUNICIPAL"
                },
                "styleUrl": "#icon-1526-F9A825",
                "icon-opacity": 1,
                "icon-color": "#f9a825",
                "icon-scale": 1,
                "icon": "https://www.gstatic.com/mapspro/images/stock/503-wht-blank_maps.png",
                "descrição": "",
                "fid": 47,
                "STRING": "ESCOLA MUNICIPAL SELMA BANDEIRA",
                "LATITUDE": -9.57223092935257,
                "LONGITUDE": -35.720925485271,
                "CLASSIFIC.": "ESC. MUNICIPAL"
            }
        },
        {
            "type": "Feature",
            "geometry": {
                "type": "Point",
                "coordinates": [
                    -35.72915,
                    -9.643858,
                    0
                ]
            },
            "properties": {
                "name": "ESCOLA MUNICIPAL DOM HELDER CAMARA",
                "description": {
                    "@type": "html",
                    "value": "descrição: <br>fid: 48<br>STRING: ESCOLA MUNICIPAL DOM HELDER CAMARA<br>LATITUDE: -9.64386064381611<br>LONGITUDE: -35.7291439561427<br>CLASSIFIC.: ESC. MUNICIPAL"
                },
                "styleUrl": "#icon-1526-F9A825",
                "icon-opacity": 1,
                "icon-color": "#f9a825",
                "icon-scale": 1,
                "icon": "https://www.gstatic.com/mapspro/images/stock/503-wht-blank_maps.png",
                "descrição": "",
                "fid": 48,
                "STRING": "ESCOLA MUNICIPAL DOM HELDER CAMARA",
                "LATITUDE": -9.64386064381611,
                "LONGITUDE": -35.7291439561427,
                "CLASSIFIC.": "ESC. MUNICIPAL"
            }
        },
        {
            "type": "Feature",
            "geometry": {
                "type": "Point",
                "coordinates": [
                    -35.715724,
                    -9.586139,
                    0
                ]
            },
            "properties": {
                "name": "ESCOLA MUNICIPAL DOUTORA ELIZABETH ANNE LYRA LOPES DE FARIAS",
                "description": {
                    "@type": "html",
                    "value": "descrição: <br>fid: 49<br>STRING: ESCOLA MUNICIPAL DOUTORA ELIZABETH ANNE LYRA LOPES DE FARIAS<br>LATITUDE: -9.58614119383378<br>LONGITUDE: -35.7157175608337<br>CLASSIFIC.: ESC. MUNICIPAL"
                },
                "styleUrl": "#icon-1526-F9A825",
                "icon-opacity": 1,
                "icon-color": "#f9a825",
                "icon-scale": 1,
                "icon": "https://www.gstatic.com/mapspro/images/stock/503-wht-blank_maps.png",
                "descrição": "",
                "fid": 49,
                "STRING": "ESCOLA MUNICIPAL DOUTORA ELIZABETH ANNE LYRA LOPES DE FARIAS",
                "LATITUDE": -9.58614119383378,
                "LONGITUDE": -35.7157175608337,
                "CLASSIFIC.": "ESC. MUNICIPAL"
            }
        },
        {
            "type": "Feature",
            "geometry": {
                "type": "Point",
                "coordinates": [
                    -35.771741,
                    -9.57982,
                    0
                ]
            },
            "properties": {
                "name": "ESCOLA MUNICIPAL DOM ANTONIO BRANDAO",
                "description": {
                    "@type": "html",
                    "value": "descrição: <br>fid: 50<br>STRING: ESCOLA MUNICIPAL DOM ANTONIO BRANDAO<br>LATITUDE: -9.57982235297152<br>LONGITUDE: -35.7717345228584<br>CLASSIFIC.: ESC. MUNICIPAL"
                },
                "styleUrl": "#icon-1526-F9A825",
                "icon-opacity": 1,
                "icon-color": "#f9a825",
                "icon-scale": 1,
                "icon": "https://www.gstatic.com/mapspro/images/stock/503-wht-blank_maps.png",
                "descrição": "",
                "fid": 50,
                "STRING": "ESCOLA MUNICIPAL DOM ANTONIO BRANDAO",
                "LATITUDE": -9.57982235297152,
                "LONGITUDE": -35.7717345228584,
                "CLASSIFIC.": "ESC. MUNICIPAL"
            }
        },
        {
            "type": "Feature",
            "geometry": {
                "type": "Point",
                "coordinates": [
                    -35.751135,
                    -9.658507,
                    0
                ]
            },
            "properties": {
                "name": "ESCOLA DE ENSINO FUNDAMENTAL NOSSO LAR I",
                "description": {
                    "@type": "html",
                    "value": "descrição: <br>fid: 51<br>STRING: ESCOLA DE ENSINO FUNDAMENTAL NOSSO LAR I<br>LATITUDE: -9.65845068321414<br>LONGITUDE: -35.7503397785631<br>CLASSIFIC.: ESC. MUNICIPAL"
                },
                "styleUrl": "#icon-1526-F9A825",
                "icon-opacity": 1,
                "icon-color": "#f9a825",
                "icon-scale": 1,
                "icon": "https://www.gstatic.com/mapspro/images/stock/503-wht-blank_maps.png",
                "descrição": "",
                "fid": 51,
                "STRING": "ESCOLA DE ENSINO FUNDAMENTAL NOSSO LAR I",
                "LATITUDE": -9.65845068321414,
                "LONGITUDE": -35.7503397785631,
                "CLASSIFIC.": "ESC. MUNICIPAL"
            }
        },
        {
            "type": "Feature",
            "geometry": {
                "type": "Point",
                "coordinates": [
                    -35.762719,
                    -9.552379,
                    0
                ]
            },
            "properties": {
                "name": "ESCOLA MUNICIPAL PROFESSORA HEVIA VALERIA MAIA AMORIM",
                "description": {
                    "@type": "html",
                    "value": "descrição: <br>fid: 52<br>STRING: ESCOLA MUNICIPAL PROFESSORA HEVIA VALERIA MAIA AMORIM<br>LATITUDE: -9.5522543564721<br>LONGITUDE: -35.7626352090236<br>CLASSIFIC.: ESC. MUNICIPAL"
                },
                "styleUrl": "#icon-1526-F9A825",
                "icon-opacity": 1,
                "icon-color": "#f9a825",
                "icon-scale": 1,
                "icon": "https://www.gstatic.com/mapspro/images/stock/503-wht-blank_maps.png",
                "descrição": "",
                "fid": 52,
                "STRING": "ESCOLA MUNICIPAL PROFESSORA HEVIA VALERIA MAIA AMORIM",
                "LATITUDE": -9.5522543564721,
                "LONGITUDE": -35.7626352090236,
                "CLASSIFIC.": "ESC. MUNICIPAL"
            }
        },
        {
            "type": "Feature",
            "geometry": {
                "type": "Point",
                "coordinates": [
                    -35.757753,
                    -9.611412,
                    0
                ]
            },
            "properties": {
                "name": "ESCOLA DE ENSINO FUNDAMENTAL LUIS PEDRO DA SILVA I",
                "description": {
                    "@type": "html",
                    "value": "descrição: <br>fid: 53<br>STRING: ESCOLA DE ENSINO FUNDAMENTAL LUIS PEDRO DA SILVA I<br>LATITUDE: -9.61141448704185<br>LONGITUDE: -35.7577468236145<br>CLASSIFIC.: ESC. MUNICIPAL"
                },
                "styleUrl": "#icon-1526-F9A825",
                "icon-opacity": 1,
                "icon-color": "#f9a825",
                "icon-scale": 1,
                "icon": "https://www.gstatic.com/mapspro/images/stock/503-wht-blank_maps.png",
                "descrição": "",
                "fid": 53,
                "STRING": "ESCOLA DE ENSINO FUNDAMENTAL LUIS PEDRO DA SILVA I",
                "LATITUDE": -9.61141448704185,
                "LONGITUDE": -35.7577468236145,
                "CLASSIFIC.": "ESC. MUNICIPAL"
            }
        },
        {
            "type": "Feature",
            "geometry": {
                "type": "Point",
                "coordinates": [
                    -35.752539,
                    -9.665575,
                    0
                ]
            },
            "properties": {
                "name": "ESCOLA DE ENSINO FUNDAMENTAL NOSSA SENHORA APARECIDA",
                "description": {
                    "@type": "html",
                    "value": "descrição: <br>fid: 54<br>STRING: ESCOLA DE ENSINO FUNDAMENTAL NOSSA SENHORA APARECIDA<br>LATITUDE: -9.66575870345712<br>LONGITUDE: -35.7541830584282<br>CLASSIFIC.: ESC. MUNICIPAL"
                },
                "styleUrl": "#icon-1526-F9A825",
                "icon-opacity": 1,
                "icon-color": "#f9a825",
                "icon-scale": 1,
                "icon": "https://www.gstatic.com/mapspro/images/stock/503-wht-blank_maps.png",
                "descrição": "",
                "fid": 54,
                "STRING": "ESCOLA DE ENSINO FUNDAMENTAL NOSSA SENHORA APARECIDA",
                "LATITUDE": -9.66575870345712,
                "LONGITUDE": -35.7541830584282,
                "CLASSIFIC.": "ESC. MUNICIPAL"
            }
        },
        {
            "type": "Feature",
            "geometry": {
                "type": "Point",
                "coordinates": [
                    -35.761592,
                    -9.605761,
                    0
                ]
            },
            "properties": {
                "name": "ESCOLA MUNICIPAL TRADUTOR JOAO SAMPAIO",
                "description": {
                    "@type": "html",
                    "value": "descrição: <br>fid: 55<br>STRING: ESCOLA MUNICIPAL TRADUTOR JOAO SAMPAIO<br>LATITUDE: -9.60576317134076<br>LONGITUDE: -35.761586227491<br>CLASSIFIC.: ESC. MUNICIPAL"
                },
                "styleUrl": "#icon-1526-F9A825",
                "icon-opacity": 1,
                "icon-color": "#f9a825",
                "icon-scale": 1,
                "icon": "https://www.gstatic.com/mapspro/images/stock/503-wht-blank_maps.png",
                "descrição": "",
                "fid": 55,
                "STRING": "ESCOLA MUNICIPAL TRADUTOR JOAO SAMPAIO",
                "LATITUDE": -9.60576317134076,
                "LONGITUDE": -35.761586227491,
                "CLASSIFIC.": "ESC. MUNICIPAL"
            }
        },
        {
            "type": "Feature",
            "geometry": {
                "type": "Point",
                "coordinates": [
                    -35.623348,
                    -9.52796,
                    0
                ]
            },
            "properties": {
                "name": "ESCOLA MUNICIPAL PROFESSORA NEIDE FREITAS FRANCA",
                "description": {
                    "@type": "html",
                    "value": "descrição: <br>fid: 56<br>STRING: ESCOLA MUNICIPAL PROFESSORA NEIDE FREITAS FRANCA<br>LATITUDE: -9.52796281229172<br>LONGITUDE: -35.6233414335132<br>CLASSIFIC.: ESC. MUNICIPAL"
                },
                "styleUrl": "#icon-1526-F9A825",
                "icon-opacity": 1,
                "icon-color": "#f9a825",
                "icon-scale": 1,
                "icon": "https://www.gstatic.com/mapspro/images/stock/503-wht-blank_maps.png",
                "descrição": "",
                "fid": 56,
                "STRING": "ESCOLA MUNICIPAL PROFESSORA NEIDE FREITAS FRANCA",
                "LATITUDE": -9.52796281229172,
                "LONGITUDE": -35.6233414335132,
                "CLASSIFIC.": "ESC. MUNICIPAL"
            }
        },
        {
            "type": "Feature",
            "geometry": {
                "type": "Point",
                "coordinates": [
                    -35.789066,
                    -9.580434,
                    0
                ]
            },
            "properties": {
                "name": "ESCOLA MUNICIPAL ZUMBI DOS PALMARES",
                "description": {
                    "@type": "html",
                    "value": "descrição: <br>fid: 57<br>STRING: ESCOLA MUNICIPAL ZUMBI DOS PALMARES<br>LATITUDE: -9.58043676215256<br>LONGITUDE: -35.7890602823972<br>CLASSIFIC.: ESC. MUNICIPAL"
                },
                "styleUrl": "#icon-1526-F9A825",
                "icon-opacity": 1,
                "icon-color": "#f9a825",
                "icon-scale": 1,
                "icon": "https://www.gstatic.com/mapspro/images/stock/503-wht-blank_maps.png",
                "descrição": "",
                "fid": 57,
                "STRING": "ESCOLA MUNICIPAL ZUMBI DOS PALMARES",
                "LATITUDE": -9.58043676215256,
                "LONGITUDE": -35.7890602823972,
                "CLASSIFIC.": "ESC. MUNICIPAL"
            }
        },
        {
            "type": "Feature",
            "geometry": {
                "type": "Point",
                "coordinates": [
                    -35.781248,
                    -9.556467,
                    0
                ]
            },
            "properties": {
                "name": "ESCOLA MUNICIPAL MARIA CARMELITA CARDOSO GAMA - CAIC",
                "description": {
                    "@type": "html",
                    "value": "descrição: <br>fid: 58<br>STRING: ESCOLA MUNICIPAL MARIA CARMELITA CARDOSO GAMA - CAIC<br>LATITUDE: -9.55646965271831<br>LONGITUDE: -35.7812422933157<br>CLASSIFIC.: ESC. MUNICIPAL"
                },
                "styleUrl": "#icon-1526-F9A825",
                "icon-opacity": 1,
                "icon-color": "#f9a825",
                "icon-scale": 1,
                "icon": "https://www.gstatic.com/mapspro/images/stock/503-wht-blank_maps.png",
                "descrição": "",
                "fid": 58,
                "STRING": "ESCOLA MUNICIPAL MARIA CARMELITA CARDOSO GAMA - CAIC",
                "LATITUDE": -9.55646965271831,
                "LONGITUDE": -35.7812422933157,
                "CLASSIFIC.": "ESC. MUNICIPAL"
            }
        },
        {
            "type": "Feature",
            "geometry": {
                "type": "Point",
                "coordinates": [
                    -35.753372,
                    -9.609806,
                    0
                ]
            },
            "properties": {
                "name": "ESCOLA MUNICIPAL DOM MIGUEL FENELON CAMARA",
                "description": {
                    "@type": "html",
                    "value": "descrição: <br>fid: 59<br>STRING: ESCOLA MUNICIPAL DOM MIGUEL FENELON CAMARA<br>LATITUDE: -9.60980813400182<br>LONGITUDE: -35.7533662505801<br>CLASSIFIC.: ESC. MUNICIPAL"
                },
                "styleUrl": "#icon-1526-F9A825",
                "icon-opacity": 1,
                "icon-color": "#f9a825",
                "icon-scale": 1,
                "icon": "https://www.gstatic.com/mapspro/images/stock/503-wht-blank_maps.png",
                "descrição": "",
                "fid": 59,
                "STRING": "ESCOLA MUNICIPAL DOM MIGUEL FENELON CAMARA",
                "LATITUDE": -9.60980813400182,
                "LONGITUDE": -35.7533662505801,
                "CLASSIFIC.": "ESC. MUNICIPAL"
            }
        },
        {
            "type": "Feature",
            "geometry": {
                "type": "Point",
                "coordinates": [
                    -35.761243,
                    -9.662401,
                    0
                ]
            },
            "properties": {
                "name": "ESCOLA MUNICIPAL LINDOLFO COLLOR",
                "description": {
                    "@type": "html",
                    "value": "descrição: <br>fid: 60<br>STRING: ESCOLA MUNICIPAL LINDOLFO COLLOR<br>LATITUDE: -9.66108538246087<br>LONGITUDE: -35.7611824217964<br>CLASSIFIC.: ESC. MUNICIPAL"
                },
                "styleUrl": "#icon-1526-F9A825",
                "icon-opacity": 1,
                "icon-color": "#f9a825",
                "icon-scale": 1,
                "icon": "https://www.gstatic.com/mapspro/images/stock/503-wht-blank_maps.png",
                "descrição": "",
                "fid": 60,
                "STRING": "ESCOLA MUNICIPAL LINDOLFO COLLOR",
                "LATITUDE": -9.66108538246087,
                "LONGITUDE": -35.7611824217964,
                "CLASSIFIC.": "ESC. MUNICIPAL"
            }
        },
        {
            "type": "Feature",
            "geometry": {
                "type": "Point",
                "coordinates": [
                    -35.78139,
                    -9.567309,
                    0
                ]
            },
            "properties": {
                "name": "ESCOLA MUNICIPAL PROFESSORA JAREDE VIANA DE OLIVEIRA",
                "description": {
                    "@type": "html",
                    "value": "descrição: <br>fid: 61<br>STRING: ESCOLA MUNICIPAL PROFESSORA JAREDE VIANA DE OLIVEIRA<br>LATITUDE: -9.56756976295909<br>LONGITUDE: -35.7820778021553<br>CLASSIFIC.: ESC. MUNICIPAL"
                },
                "styleUrl": "#icon-1526-F9A825",
                "icon-opacity": 1,
                "icon-color": "#f9a825",
                "icon-scale": 1,
                "icon": "https://www.gstatic.com/mapspro/images/stock/503-wht-blank_maps.png",
                "descrição": "",
                "fid": 61,
                "STRING": "ESCOLA MUNICIPAL PROFESSORA JAREDE VIANA DE OLIVEIRA",
                "LATITUDE": -9.56756976295909,
                "LONGITUDE": -35.7820778021553,
                "CLASSIFIC.": "ESC. MUNICIPAL"
            }
        },
        {
            "type": "Feature",
            "geometry": {
                "type": "Point",
                "coordinates": [
                    -35.78706,
                    -9.590031,
                    0
                ]
            },
            "properties": {
                "name": "ESCOLA MUNICIPAL HERMINIO CARDOSO",
                "description": {
                    "@type": "html",
                    "value": "descrição: <br>fid: 62<br>STRING: ESCOLA MUNICIPAL HERMINIO CARDOSO<br>LATITUDE: -9.59003325397845<br>LONGITUDE: -35.7870538704518<br>CLASSIFIC.: ESC. MUNICIPAL"
                },
                "styleUrl": "#icon-1526-F9A825",
                "icon-opacity": 1,
                "icon-color": "#f9a825",
                "icon-scale": 1,
                "icon": "https://www.gstatic.com/mapspro/images/stock/503-wht-blank_maps.png",
                "descrição": "",
                "fid": 62,
                "STRING": "ESCOLA MUNICIPAL HERMINIO CARDOSO",
                "LATITUDE": -9.59003325397845,
                "LONGITUDE": -35.7870538704518,
                "CLASSIFIC.": "ESC. MUNICIPAL"
            }
        },
        {
            "type": "Feature",
            "geometry": {
                "type": "Point",
                "coordinates": [
                    -35.745465,
                    -9.669323,
                    0
                ]
            },
            "properties": {
                "name": "ESCOLA MUNICIPAL TEREZA DE JESUS",
                "description": {
                    "@type": "html",
                    "value": "descrição: <br>fid: 63<br>STRING: ESCOLA MUNICIPAL TEREZA DE JESUS<br>LATITUDE: -9.66896629681457<br>LONGITUDE: -35.7462534160679<br>CLASSIFIC.: ESC. MUNICIPAL"
                },
                "styleUrl": "#icon-1526-F9A825",
                "icon-opacity": 1,
                "icon-color": "#f9a825",
                "icon-scale": 1,
                "icon": "https://www.gstatic.com/mapspro/images/stock/503-wht-blank_maps.png",
                "descrição": "",
                "fid": 63,
                "STRING": "ESCOLA MUNICIPAL TEREZA DE JESUS",
                "LATITUDE": -9.66896629681457,
                "LONGITUDE": -35.7462534160679,
                "CLASSIFIC.": "ESC. MUNICIPAL"
            }
        },
        {
            "type": "Feature",
            "geometry": {
                "type": "Point",
                "coordinates": [
                    -35.741695,
                    -9.625046,
                    0
                ]
            },
            "properties": {
                "name": "CMEI MUNICIPAL MANOEL COELHO NETO",
                "description": {
                    "@type": "html",
                    "value": "descrição: <br>fid: 64<br>STRING: CMEI MUNICIPAL MANOEL COELHO NETO<br>LATITUDE: -9.62504887597713<br>LONGITUDE: -35.741689311944<br>CLASSIFIC.: ESC. MUNICIPAL"
                },
                "styleUrl": "#icon-1526-F9A825",
                "icon-opacity": 1,
                "icon-color": "#f9a825",
                "icon-scale": 1,
                "icon": "https://www.gstatic.com/mapspro/images/stock/503-wht-blank_maps.png",
                "descrição": "",
                "fid": 64,
                "STRING": "CMEI MUNICIPAL MANOEL COELHO NETO",
                "LATITUDE": -9.62504887597713,
                "LONGITUDE": -35.741689311944,
                "CLASSIFIC.": "ESC. MUNICIPAL"
            }
        },
        {
            "type": "Feature",
            "geometry": {
                "type": "Point",
                "coordinates": [
                    -35.743235,
                    -9.65552,
                    0
                ]
            },
            "properties": {
                "name": "CMEI WALTER PITOMBO LARANJEIRAS",
                "description": {
                    "@type": "html",
                    "value": "descrição: <br>fid: 65<br>STRING: CMEI WALTER PITOMBO LARANJEIRAS<br>LATITUDE: -9.65552251407158<br>LONGITUDE: -35.7432289388509<br>CLASSIFIC.: ESC. MUNICIPAL"
                },
                "styleUrl": "#icon-1526-F9A825",
                "icon-opacity": 1,
                "icon-color": "#f9a825",
                "icon-scale": 1,
                "icon": "https://www.gstatic.com/mapspro/images/stock/503-wht-blank_maps.png",
                "descrição": "",
                "fid": 65,
                "STRING": "CMEI WALTER PITOMBO LARANJEIRAS",
                "LATITUDE": -9.65552251407158,
                "LONGITUDE": -35.7432289388509,
                "CLASSIFIC.": "ESC. MUNICIPAL"
            }
        },
        {
            "type": "Feature",
            "geometry": {
                "type": "Point",
                "coordinates": [
                    -35.717543,
                    -9.638304,
                    0
                ]
            },
            "properties": {
                "name": "ESCOLA MUNICIPAL KATIA PIMENTEL ASSUNCAO",
                "description": {
                    "@type": "html",
                    "value": "descrição: <br>fid: 66<br>STRING: ESCOLA MUNICIPAL KATIA PIMENTEL ASSUNCAO<br>LATITUDE: -9.63778691529956<br>LONGITUDE: -35.7179405809334<br>CLASSIFIC.: ESC. MUNICIPAL"
                },
                "styleUrl": "#icon-1526-F9A825",
                "icon-opacity": 1,
                "icon-color": "#f9a825",
                "icon-scale": 1,
                "icon": "https://www.gstatic.com/mapspro/images/stock/503-wht-blank_maps.png",
                "descrição": "",
                "fid": 66,
                "STRING": "ESCOLA MUNICIPAL KATIA PIMENTEL ASSUNCAO",
                "LATITUDE": -9.63778691529956,
                "LONGITUDE": -35.7179405809334,
                "CLASSIFIC.": "ESC. MUNICIPAL"
            }
        },
        {
            "type": "Feature",
            "geometry": {
                "type": "Point",
                "coordinates": [
                    -35.739583,
                    -9.62636,
                    0
                ]
            },
            "properties": {
                "name": "ESCOLA MUNICIPAL DOUTOR JOSE CARNEIRO",
                "description": {
                    "@type": "html",
                    "value": "descrição: <br>fid: 67<br>STRING: ESCOLA MUNICIPAL DOUTOR JOSE CARNEIRO<br>LATITUDE: -9.62636283274413<br>LONGITUDE: -35.7395763729785<br>CLASSIFIC.: ESC. MUNICIPAL"
                },
                "styleUrl": "#icon-1526-F9A825",
                "icon-opacity": 1,
                "icon-color": "#f9a825",
                "icon-scale": 1,
                "icon": "https://www.gstatic.com/mapspro/images/stock/503-wht-blank_maps.png",
                "descrição": "",
                "fid": 67,
                "STRING": "ESCOLA MUNICIPAL DOUTOR JOSE CARNEIRO",
                "LATITUDE": -9.62636283274413,
                "LONGITUDE": -35.7395763729785,
                "CLASSIFIC.": "ESC. MUNICIPAL"
            }
        },
        {
            "type": "Feature",
            "geometry": {
                "type": "Point",
                "coordinates": [
                    -35.716376,
                    -9.605037,
                    0
                ]
            },
            "properties": {
                "name": "ESCOLA MUNICIPAL MONSENHOR ANTONIO ASSUNCAO ARAUJO",
                "description": {
                    "@type": "html",
                    "value": "descrição: <br>fid: 68<br>STRING: ESCOLA MUNICIPAL MONSENHOR ANTONIO ASSUNCAO ARAUJO<br>LATITUDE: -9.60503974972618<br>LONGITUDE: -35.7163696074492<br>CLASSIFIC.: ESC. MUNICIPAL"
                },
                "styleUrl": "#icon-1526-F9A825",
                "icon-opacity": 1,
                "icon-color": "#f9a825",
                "icon-scale": 1,
                "icon": "https://www.gstatic.com/mapspro/images/stock/503-wht-blank_maps.png",
                "descrição": "",
                "fid": 68,
                "STRING": "ESCOLA MUNICIPAL MONSENHOR ANTONIO ASSUNCAO ARAUJO",
                "LATITUDE": -9.60503974972618,
                "LONGITUDE": -35.7163696074492,
                "CLASSIFIC.": "ESC. MUNICIPAL"
            }
        },
        {
            "type": "Feature",
            "geometry": {
                "type": "Point",
                "coordinates": [
                    -35.717885,
                    -9.646485,
                    0
                ]
            },
            "properties": {
                "name": "ESCOLA MUNICIPAL PROFESSORA GERUZA COSTA LIMA",
                "description": {
                    "@type": "html",
                    "value": "descrição: <br>fid: 69<br>STRING: ESCOLA MUNICIPAL PROFESSORA GERUZA COSTA LIMA<br>LATITUDE: -9.64648799090125<br>LONGITUDE: -35.7178784167263<br>CLASSIFIC.: ESC. MUNICIPAL"
                },
                "styleUrl": "#icon-1526-F9A825",
                "icon-opacity": 1,
                "icon-color": "#f9a825",
                "icon-scale": 1,
                "icon": "https://www.gstatic.com/mapspro/images/stock/503-wht-blank_maps.png",
                "descrição": "",
                "fid": 69,
                "STRING": "ESCOLA MUNICIPAL PROFESSORA GERUZA COSTA LIMA",
                "LATITUDE": -9.64648799090125,
                "LONGITUDE": -35.7178784167263,
                "CLASSIFIC.": "ESC. MUNICIPAL"
            }
        },
        {
            "type": "Feature",
            "geometry": {
                "type": "Point",
                "coordinates": [
                    -35.761401,
                    -9.651623,
                    0
                ]
            },
            "properties": {
                "name": "ESCOLA MUNICIPAL PROFESSOR DERALDO CAMPOS",
                "description": {
                    "@type": "html",
                    "value": "descrição: <br>fid: 70<br>STRING: ESCOLA MUNICIPAL PROFESSOR DERALDO CAMPOS<br>LATITUDE: -9.65162599656805<br>LONGITUDE: -35.7613949143868<br>CLASSIFIC.: ESC. MUNICIPAL"
                },
                "styleUrl": "#icon-1526-F9A825",
                "icon-opacity": 1,
                "icon-color": "#f9a825",
                "icon-scale": 1,
                "icon": "https://www.gstatic.com/mapspro/images/stock/503-wht-blank_maps.png",
                "descrição": "",
                "fid": 70,
                "STRING": "ESCOLA MUNICIPAL PROFESSOR DERALDO CAMPOS",
                "LATITUDE": -9.65162599656805,
                "LONGITUDE": -35.7613949143868,
                "CLASSIFIC.": "ESC. MUNICIPAL"
            }
        },
        {
            "type": "Feature",
            "geometry": {
                "type": "Point",
                "coordinates": [
                    -35.762821,
                    -9.67343,
                    0
                ]
            },
            "properties": {
                "name": "ESCOLA NOSSA SENHORA DA GUIA",
                "description": {
                    "@type": "html",
                    "value": "descrição: <br>fid: 71<br>STRING: ESCOLA NOSSA SENHORA DA GUIA<br>LATITUDE: -9.67328390977146<br>LONGITUDE: -35.7625645969218<br>CLASSIFIC.: ESC. MUNICIPAL"
                },
                "styleUrl": "#icon-1526-F9A825",
                "icon-opacity": 1,
                "icon-color": "#f9a825",
                "icon-scale": 1,
                "icon": "https://www.gstatic.com/mapspro/images/stock/503-wht-blank_maps.png",
                "descrição": "",
                "fid": 71,
                "STRING": "ESCOLA NOSSA SENHORA DA GUIA",
                "LATITUDE": -9.67328390977146,
                "LONGITUDE": -35.7625645969218,
                "CLASSIFIC.": "ESC. MUNICIPAL"
            }
        },
        {
            "type": "Feature",
            "geometry": {
                "type": "Point",
                "coordinates": [
                    -35.731057,
                    -9.653071,
                    0
                ]
            },
            "properties": {
                "name": "ESCOLA MUNICIPAL HIGINO BELO",
                "description": {
                    "@type": "html",
                    "value": "descrição: <br>fid: 72<br>STRING: ESCOLA MUNICIPAL HIGINO BELO<br>LATITUDE: -9.65307310876084<br>LONGITUDE: -35.7310505796453<br>CLASSIFIC.: ESC. MUNICIPAL"
                },
                "styleUrl": "#icon-1526-F9A825",
                "icon-opacity": 1,
                "icon-color": "#f9a825",
                "icon-scale": 1,
                "icon": "https://www.gstatic.com/mapspro/images/stock/503-wht-blank_maps.png",
                "descrição": "",
                "fid": 72,
                "STRING": "ESCOLA MUNICIPAL HIGINO BELO",
                "LATITUDE": -9.65307310876084,
                "LONGITUDE": -35.7310505796453,
                "CLASSIFIC.": "ESC. MUNICIPAL"
            }
        },
        {
            "type": "Feature",
            "geometry": {
                "type": "Point",
                "coordinates": [
                    -35.760223,
                    -9.67259,
                    0
                ]
            },
            "properties": {
                "name": "ESCOLA MUNICIPAL PROFESSOR ANTIDIO VIEIRA",
                "description": {
                    "@type": "html",
                    "value": "descrição: <br>fid: 73<br>STRING: ESCOLA MUNICIPAL PROFESSOR ANTIDIO VIEIRA<br>LATITUDE: -9.67271788810531<br>LONGITUDE: -35.7608704291775<br>CLASSIFIC.: ESC. MUNICIPAL"
                },
                "styleUrl": "#icon-1526-F9A825",
                "icon-opacity": 1,
                "icon-color": "#f9a825",
                "icon-scale": 1,
                "icon": "https://www.gstatic.com/mapspro/images/stock/503-wht-blank_maps.png",
                "descrição": "",
                "fid": 73,
                "STRING": "ESCOLA MUNICIPAL PROFESSOR ANTIDIO VIEIRA",
                "LATITUDE": -9.67271788810531,
                "LONGITUDE": -35.7608704291775,
                "CLASSIFIC.": "ESC. MUNICIPAL"
            }
        },
        {
            "type": "Feature",
            "geometry": {
                "type": "Point",
                "coordinates": [
                    -35.784797,
                    -9.54635,
                    0
                ]
            },
            "properties": {
                "name": "ESCOLA MUNICIPAL PROFESSOR CORINTHO DA PAZ",
                "description": {
                    "@type": "html",
                    "value": "descrição: <br>fid: 74<br>STRING: ESCOLA MUNICIPAL PROFESSOR CORINTHO DA PAZ<br>LATITUDE: -9.54635291771013<br>LONGITUDE: -35.784790946773<br>CLASSIFIC.: ESC. MUNICIPAL"
                },
                "styleUrl": "#icon-1526-F9A825",
                "icon-opacity": 1,
                "icon-color": "#f9a825",
                "icon-scale": 1,
                "icon": "https://www.gstatic.com/mapspro/images/stock/503-wht-blank_maps.png",
                "descrição": "",
                "fid": 74,
                "STRING": "ESCOLA MUNICIPAL PROFESSOR CORINTHO DA PAZ",
                "LATITUDE": -9.54635291771013,
                "LONGITUDE": -35.784790946773,
                "CLASSIFIC.": "ESC. MUNICIPAL"
            }
        },
        {
            "type": "Feature",
            "geometry": {
                "type": "Point",
                "coordinates": [
                    -35.758508,
                    -9.580659,
                    0
                ]
            },
            "properties": {
                "name": "ESCOLA MUNICIPAL JAIME DE ALTAVILLA",
                "description": {
                    "@type": "html",
                    "value": "descrição: <br>fid: 75<br>STRING: ESCOLA MUNICIPAL JAIME DE ALTAVILLA<br>LATITUDE: -9.58048927796059<br>LONGITUDE: -35.7585437147957<br>CLASSIFIC.: ESC. MUNICIPAL"
                },
                "styleUrl": "#icon-1526-F9A825",
                "icon-opacity": 1,
                "icon-color": "#f9a825",
                "icon-scale": 1,
                "icon": "https://www.gstatic.com/mapspro/images/stock/503-wht-blank_maps.png",
                "descrição": "",
                "fid": 75,
                "STRING": "ESCOLA MUNICIPAL JAIME DE ALTAVILLA",
                "LATITUDE": -9.58048927796059,
                "LONGITUDE": -35.7585437147957,
                "CLASSIFIC.": "ESC. MUNICIPAL"
            }
        },
        {
            "type": "Feature",
            "geometry": {
                "type": "Point",
                "coordinates": [
                    -35.745055,
                    -9.613119,
                    0
                ]
            },
            "properties": {
                "name": "ESCOLA MUNICIPAL SERGIO LUIZ PESSOA BRAGA",
                "description": {
                    "@type": "html",
                    "value": "descrição: <br>fid: 76<br>STRING: ESCOLA MUNICIPAL SERGIO LUIZ PESSOA BRAGA<br>LATITUDE: -9.61312102020949<br>LONGITUDE: -35.7450491893916<br>CLASSIFIC.: ESC. MUNICIPAL"
                },
                "styleUrl": "#icon-1526-F9A825",
                "icon-opacity": 1,
                "icon-color": "#f9a825",
                "icon-scale": 1,
                "icon": "https://www.gstatic.com/mapspro/images/stock/503-wht-blank_maps.png",
                "descrição": "",
                "fid": 76,
                "STRING": "ESCOLA MUNICIPAL SERGIO LUIZ PESSOA BRAGA",
                "LATITUDE": -9.61312102020949,
                "LONGITUDE": -35.7450491893916,
                "CLASSIFIC.": "ESC. MUNICIPAL"
            }
        },
        {
            "type": "Feature",
            "geometry": {
                "type": "Point",
                "coordinates": [
                    -35.75538,
                    -9.657392,
                    0
                ]
            },
            "properties": {
                "name": "ESCOLA MUNICIPAL RUI PALMEIRA",
                "description": {
                    "@type": "html",
                    "value": "descrição: <br>fid: 77<br>STRING: ESCOLA MUNICIPAL RUI PALMEIRA<br>LATITUDE: -9.6573940776078<br>LONGITUDE: -35.7553738876172<br>CLASSIFIC.: ESC. MUNICIPAL"
                },
                "styleUrl": "#icon-1526-F9A825",
                "icon-opacity": 1,
                "icon-color": "#f9a825",
                "icon-scale": 1,
                "icon": "https://www.gstatic.com/mapspro/images/stock/503-wht-blank_maps.png",
                "descrição": "",
                "fid": 77,
                "STRING": "ESCOLA MUNICIPAL RUI PALMEIRA",
                "LATITUDE": -9.6573940776078,
                "LONGITUDE": -35.7553738876172,
                "CLASSIFIC.": "ESC. MUNICIPAL"
            }
        },
        {
            "type": "Feature",
            "geometry": {
                "type": "Point",
                "coordinates": [
                    -35.768106,
                    -9.593421,
                    0
                ]
            },
            "properties": {
                "name": "ESCOLA MUNICIPAL SUZEL DANTAS",
                "description": {
                    "@type": "html",
                    "value": "descrição: <br>fid: 78<br>STRING: ESCOLA MUNICIPAL SUZEL DANTAS<br>LATITUDE: -9.59342372170567<br>LONGITUDE: -35.7680999906869<br>CLASSIFIC.: ESC. MUNICIPAL"
                },
                "styleUrl": "#icon-1526-FBC02D",
                "icon-opacity": 1,
                "icon-color": "#fbc02d",
                "icon-scale": 1,
                "icon": "https://www.gstatic.com/mapspro/images/stock/503-wht-blank_maps.png",
                "descrição": "",
                "fid": 78,
                "STRING": "ESCOLA MUNICIPAL SUZEL DANTAS",
                "LATITUDE": -9.59342372170567,
                "LONGITUDE": -35.7680999906869,
                "CLASSIFIC.": "ESC. MUNICIPAL"
            }
        },
        {
            "type": "Feature",
            "geometry": {
                "type": "Point",
                "coordinates": [
                    -35.722717,
                    -9.652146,
                    0
                ]
            },
            "properties": {
                "name": "ESCOLA MUNICIPAL PROFESSORA EULINA RIBEIRO ALENCAR",
                "description": {
                    "@type": "html",
                    "value": "descrição: <br>fid: 79<br>STRING: ESCOLA MUNICIPAL PROFESSORA EULINA RIBEIRO ALENCAR<br>LATITUDE: -9.65214839997323<br>LONGITUDE: -35.7227105589119<br>CLASSIFIC.: ESC. MUNICIPAL"
                },
                "styleUrl": "#icon-1526-F9A825",
                "icon-opacity": 1,
                "icon-color": "#f9a825",
                "icon-scale": 1,
                "icon": "https://www.gstatic.com/mapspro/images/stock/503-wht-blank_maps.png",
                "descrição": "",
                "fid": 79,
                "STRING": "ESCOLA MUNICIPAL PROFESSORA EULINA RIBEIRO ALENCAR",
                "LATITUDE": -9.65214839997323,
                "LONGITUDE": -35.7227105589119,
                "CLASSIFIC.": "ESC. MUNICIPAL"
            }
        },
        {
            "type": "Feature",
            "geometry": {
                "type": "Point",
                "coordinates": [
                    -35.758049,
                    -9.586792,
                    0
                ]
            },
            "properties": {
                "name": "ESCOLA MUNICIPAL PROFESSOR DONIZETTE CALHEIROS",
                "description": {
                    "@type": "html",
                    "value": "descrição: <br>fid: 80<br>STRING: ESCOLA MUNICIPAL PROFESSOR DONIZETTE CALHEIROS<br>LATITUDE: -9.586794941309<br>LONGITUDE: -35.7580425356392<br>CLASSIFIC.: ESC. MUNICIPAL"
                },
                "styleUrl": "#icon-1526-F9A825",
                "icon-opacity": 1,
                "icon-color": "#f9a825",
                "icon-scale": 1,
                "icon": "https://www.gstatic.com/mapspro/images/stock/503-wht-blank_maps.png",
                "descrição": "",
                "fid": 80,
                "STRING": "ESCOLA MUNICIPAL PROFESSOR DONIZETTE CALHEIROS",
                "LATITUDE": -9.586794941309,
                "LONGITUDE": -35.7580425356392,
                "CLASSIFIC.": "ESC. MUNICIPAL"
            }
        },
        {
            "type": "Feature",
            "geometry": {
                "type": "Point",
                "coordinates": [
                    -35.757495,
                    -9.663909,
                    0
                ]
            },
            "properties": {
                "name": "ESCOLA MUNICIPAL ALMEIDA LEITE",
                "description": {
                    "@type": "html",
                    "value": "descrição: <br>fid: 81<br>STRING: ESCOLA MUNICIPAL ALMEIDA LEITE<br>LATITUDE: -9.66391142129909<br>LONGITUDE: -35.7574887205064<br>CLASSIFIC.: ESC. MUNICIPAL"
                },
                "styleUrl": "#icon-1526-F9A825",
                "icon-opacity": 1,
                "icon-color": "#f9a825",
                "icon-scale": 1,
                "icon": "https://www.gstatic.com/mapspro/images/stock/503-wht-blank_maps.png",
                "descrição": "",
                "fid": 81,
                "STRING": "ESCOLA MUNICIPAL ALMEIDA LEITE",
                "LATITUDE": -9.66391142129909,
                "LONGITUDE": -35.7574887205064,
                "CLASSIFIC.": "ESC. MUNICIPAL"
            }
        },
        {
            "type": "Feature",
            "geometry": {
                "type": "Point",
                "coordinates": [
                    -35.767324,
                    -9.584583,
                    0
                ]
            },
            "properties": {
                "name": "ESCOLA MUNICIPAL PEDRO SURUAGY",
                "description": {
                    "@type": "html",
                    "value": "descrição: <br>fid: 82<br>STRING: ESCOLA MUNICIPAL PEDRO SURUAGY<br>LATITUDE: -9.5845856856705<br>LONGITUDE: -35.7673174239574<br>CLASSIFIC.: ESC. MUNICIPAL"
                },
                "styleUrl": "#icon-1526-F9A825",
                "icon-opacity": 1,
                "icon-color": "#f9a825",
                "icon-scale": 1,
                "icon": "https://www.gstatic.com/mapspro/images/stock/503-wht-blank_maps.png",
                "descrição": "",
                "fid": 82,
                "STRING": "ESCOLA MUNICIPAL PEDRO SURUAGY",
                "LATITUDE": -9.5845856856705,
                "LONGITUDE": -35.7673174239574,
                "CLASSIFIC.": "ESC. MUNICIPAL"
            }
        },
        {
            "type": "Feature",
            "geometry": {
                "type": "Point",
                "coordinates": [
                    -35.807791,
                    -9.577573,
                    0
                ]
            },
            "properties": {
                "name": "ESCOLA MUNICIPAL PEDRO CAFE",
                "description": {
                    "@type": "html",
                    "value": "descrição: <br>fid: 83<br>STRING: ESCOLA MUNICIPAL PEDRO CAFE<br>LATITUDE: -9.57757584988837<br>LONGITUDE: -35.807784530224<br>CLASSIFIC.: ESC. MUNICIPAL"
                },
                "styleUrl": "#icon-1526-F9A825",
                "icon-opacity": 1,
                "icon-color": "#f9a825",
                "icon-scale": 1,
                "icon": "https://www.gstatic.com/mapspro/images/stock/503-wht-blank_maps.png",
                "descrição": "",
                "fid": 83,
                "STRING": "ESCOLA MUNICIPAL PEDRO CAFE",
                "LATITUDE": -9.57757584988837,
                "LONGITUDE": -35.807784530224,
                "CLASSIFIC.": "ESC. MUNICIPAL"
            }
        },
        {
            "type": "Feature",
            "geometry": {
                "type": "Point",
                "coordinates": [
                    -35.702389,
                    -9.636316,
                    0
                ]
            },
            "properties": {
                "name": "ESCOLA MUNICIPAL PADRE PINHO",
                "description": {
                    "@type": "html",
                    "value": "descrição: <br>fid: 84<br>STRING: ESCOLA MUNICIPAL PADRE PINHO<br>LATITUDE: -9.63631895317283<br>LONGITUDE: -35.7023831348421<br>CLASSIFIC.: ESC. MUNICIPAL"
                },
                "styleUrl": "#icon-1526-F9A825",
                "icon-opacity": 1,
                "icon-color": "#f9a825",
                "icon-scale": 1,
                "icon": "https://www.gstatic.com/mapspro/images/stock/503-wht-blank_maps.png",
                "descrição": "",
                "fid": 84,
                "STRING": "ESCOLA MUNICIPAL PADRE PINHO",
                "LATITUDE": -9.63631895317283,
                "LONGITUDE": -35.7023831348421,
                "CLASSIFIC.": "ESC. MUNICIPAL"
            }
        },
        {
            "type": "Feature",
            "geometry": {
                "type": "Point",
                "coordinates": [
                    -35.731068,
                    -9.603968,
                    0
                ]
            },
            "properties": {
                "name": "ESCOLA MUNICIPAL LUIZA OLIVEIRA SURUAGY",
                "description": {
                    "@type": "html",
                    "value": "descrição: <br>fid: 85<br>STRING: ESCOLA MUNICIPAL LUIZA OLIVEIRA SURUAGY<br>LATITUDE: -9.60397045073173<br>LONGITUDE: -35.7310620588417<br>CLASSIFIC.: ESC. MUNICIPAL"
                },
                "styleUrl": "#icon-1526-F9A825",
                "icon-opacity": 1,
                "icon-color": "#f9a825",
                "icon-scale": 1,
                "icon": "https://www.gstatic.com/mapspro/images/stock/503-wht-blank_maps.png",
                "descrição": "",
                "fid": 85,
                "STRING": "ESCOLA MUNICIPAL LUIZA OLIVEIRA SURUAGY",
                "LATITUDE": -9.60397045073173,
                "LONGITUDE": -35.7310620588417,
                "CLASSIFIC.": "ESC. MUNICIPAL"
            }
        },
        {
            "type": "Feature",
            "geometry": {
                "type": "Point",
                "coordinates": [
                    -35.71378,
                    -9.637036,
                    0
                ]
            },
            "properties": {
                "name": "ESCOLA MUNICIPAL PROFESSOR LENILTO ALVES SANTOS",
                "description": {
                    "@type": "html",
                    "value": "descrição: <br>fid: 86<br>STRING: ESCOLA MUNICIPAL PROFESSOR LENILTO ALVES SANTOS<br>LATITUDE: -9.63670995011097<br>LONGITUDE: -35.7136502193115<br>CLASSIFIC.: ESC. MUNICIPAL"
                },
                "styleUrl": "#icon-1526-F9A825",
                "icon-opacity": 1,
                "icon-color": "#f9a825",
                "icon-scale": 1,
                "icon": "https://www.gstatic.com/mapspro/images/stock/503-wht-blank_maps.png",
                "descrição": "",
                "fid": 86,
                "STRING": "ESCOLA MUNICIPAL PROFESSOR LENILTO ALVES SANTOS",
                "LATITUDE": -9.63670995011097,
                "LONGITUDE": -35.7136502193115,
                "CLASSIFIC.": "ESC. MUNICIPAL"
            }
        },
        {
            "type": "Feature",
            "geometry": {
                "type": "Point",
                "coordinates": [
                    -35.754024,
                    -9.561898,
                    0
                ]
            },
            "properties": {
                "name": "ESCOLA MUNICIPAL DOUTOR JOSE HAROLDO DA COSTA",
                "description": {
                    "@type": "html",
                    "value": "descrição: <br>fid: 87<br>STRING: ESCOLA MUNICIPAL DOUTOR JOSE HAROLDO DA COSTA<br>LATITUDE: -9.56125188879722<br>LONGITUDE: -35.7538517325133<br>CLASSIFIC.: ESC. MUNICIPAL"
                },
                "styleUrl": "#icon-1526-F9A825",
                "icon-opacity": 1,
                "icon-color": "#f9a825",
                "icon-scale": 1,
                "icon": "https://www.gstatic.com/mapspro/images/stock/503-wht-blank_maps.png",
                "descrição": "",
                "fid": 87,
                "STRING": "ESCOLA MUNICIPAL DOUTOR JOSE HAROLDO DA COSTA",
                "LATITUDE": -9.56125188879722,
                "LONGITUDE": -35.7538517325133,
                "CLASSIFIC.": "ESC. MUNICIPAL"
            }
        },
        {
            "type": "Feature",
            "geometry": {
                "type": "Point",
                "coordinates": [
                    -35.724403,
                    -9.654054,
                    0
                ]
            },
            "properties": {
                "name": "CMEI JOAO XXIII",
                "description": {
                    "@type": "html",
                    "value": "descrição: <br>fid: 88<br>STRING: CMEI JOAO XXIII<br>LATITUDE: -9.65405606878703<br>LONGITUDE: -35.7243964774149<br>CLASSIFIC.: ESC. MUNICIPAL"
                },
                "styleUrl": "#icon-1526-F9A825",
                "icon-opacity": 1,
                "icon-color": "#f9a825",
                "icon-scale": 1,
                "icon": "https://www.gstatic.com/mapspro/images/stock/503-wht-blank_maps.png",
                "descrição": "",
                "fid": 88,
                "STRING": "CMEI JOAO XXIII",
                "LATITUDE": -9.65405606878703,
                "LONGITUDE": -35.7243964774149,
                "CLASSIFIC.": "ESC. MUNICIPAL"
            }
        },
        {
            "type": "Feature",
            "geometry": {
                "type": "Point",
                "coordinates": [
                    -35.719536,
                    -9.615344,
                    0
                ]
            },
            "properties": {
                "name": "ESCOLA MUNICIPAL DOUTOR POMPEU SARMENTO",
                "description": {
                    "@type": "html",
                    "value": "descrição: <br>fid: 89<br>STRING: ESCOLA MUNICIPAL DOUTOR POMPEU SARMENTO<br>LATITUDE: -9.61534682906971<br>LONGITUDE: -35.7195299806191<br>CLASSIFIC.: ESC. MUNICIPAL"
                },
                "styleUrl": "#icon-1526-F9A825",
                "icon-opacity": 1,
                "icon-color": "#f9a825",
                "icon-scale": 1,
                "icon": "https://www.gstatic.com/mapspro/images/stock/503-wht-blank_maps.png",
                "descrição": "",
                "fid": 89,
                "STRING": "ESCOLA MUNICIPAL DOUTOR POMPEU SARMENTO",
                "LATITUDE": -9.61534682906971,
                "LONGITUDE": -35.7195299806191,
                "CLASSIFIC.": "ESC. MUNICIPAL"
            }
        },
        {
            "type": "Feature",
            "geometry": {
                "type": "Point",
                "coordinates": [
                    -35.721135,
                    -9.639698,
                    0
                ]
            },
            "properties": {
                "name": "ESCOLA MUNICIPAL ARNON AFONSO FARIAS DE MELO",
                "description": {
                    "@type": "html",
                    "value": "descrição: <br>fid: 90<br>STRING: ESCOLA MUNICIPAL ARNON AFONSO FARIAS DE MELO<br>LATITUDE: -9.63970040618978<br>LONGITUDE: -35.7211289840539<br>CLASSIFIC.: ESC. MUNICIPAL"
                },
                "styleUrl": "#icon-1526-F9A825",
                "icon-opacity": 1,
                "icon-color": "#f9a825",
                "icon-scale": 1,
                "icon": "https://www.gstatic.com/mapspro/images/stock/503-wht-blank_maps.png",
                "descrição": "",
                "fid": 90,
                "STRING": "ESCOLA MUNICIPAL ARNON AFONSO FARIAS DE MELO",
                "LATITUDE": -9.63970040618978,
                "LONGITUDE": -35.7211289840539,
                "CLASSIFIC.": "ESC. MUNICIPAL"
            }
        },
        {
            "type": "Feature",
            "geometry": {
                "type": "Point",
                "coordinates": [
                    -35.717084,
                    -9.636522,
                    0
                ]
            },
            "properties": {
                "name": "ESCOLA MUNICIPAL ANTONIO SEMEAO LAMENHA LINS",
                "description": {
                    "@type": "html",
                    "value": "descrição: <br>fid: 91<br>STRING: ESCOLA MUNICIPAL ANTONIO SEMEAO LAMENHA LINS<br>LATITUDE: -9.63651815729512<br>LONGITUDE: -35.7180397947721<br>CLASSIFIC.: ESC. MUNICIPAL"
                },
                "styleUrl": "#icon-1526-F9A825",
                "icon-opacity": 1,
                "icon-color": "#f9a825",
                "icon-scale": 1,
                "icon": "https://www.gstatic.com/mapspro/images/stock/503-wht-blank_maps.png",
                "descrição": "",
                "fid": 91,
                "STRING": "ESCOLA MUNICIPAL ANTONIO SEMEAO LAMENHA LINS",
                "LATITUDE": -9.63651815729512,
                "LONGITUDE": -35.7180397947721,
                "CLASSIFIC.": "ESC. MUNICIPAL"
            }
        },
        {
            "type": "Feature",
            "geometry": {
                "type": "Point",
                "coordinates": [
                    -35.703308,
                    -9.659774,
                    0
                ]
            },
            "properties": {
                "name": "ESCOLA MUNICIPAL DOUTOR ORLANDO ARAUJO",
                "description": {
                    "@type": "html",
                    "value": "descrição: <br>fid: 92<br>STRING: ESCOLA MUNICIPAL DOUTOR ORLANDO ARAUJO<br>LATITUDE: -9.65897182010566<br>LONGITUDE: -35.7027588325833<br>CLASSIFIC.: ESC. MUNICIPAL"
                },
                "styleUrl": "#icon-1526-F9A825",
                "icon-opacity": 1,
                "icon-color": "#f9a825",
                "icon-scale": 1,
                "icon": "https://www.gstatic.com/mapspro/images/stock/503-wht-blank_maps.png",
                "descrição": "",
                "fid": 92,
                "STRING": "ESCOLA MUNICIPAL DOUTOR ORLANDO ARAUJO",
                "LATITUDE": -9.65897182010566,
                "LONGITUDE": -35.7027588325833,
                "CLASSIFIC.": "ESC. MUNICIPAL"
            }
        },
        {
            "type": "Feature",
            "geometry": {
                "type": "Point",
                "coordinates": [
                    -35.723133,
                    -9.666508,
                    0
                ]
            },
            "properties": {
                "name": "ESCOLA MUNICIPAL ZANELI CALDAS",
                "description": {
                    "@type": "html",
                    "value": "descrição: <br>fid: 93<br>STRING: ESCOLA MUNICIPAL ZANELI CALDAS<br>LATITUDE: -9.66651039748153<br>LONGITUDE: -35.7231273100254<br>CLASSIFIC.: ESC. MUNICIPAL"
                },
                "styleUrl": "#icon-1526-F9A825",
                "icon-opacity": 1,
                "icon-color": "#f9a825",
                "icon-scale": 1,
                "icon": "https://www.gstatic.com/mapspro/images/stock/503-wht-blank_maps.png",
                "descrição": "",
                "fid": 93,
                "STRING": "ESCOLA MUNICIPAL ZANELI CALDAS",
                "LATITUDE": -9.66651039748153,
                "LONGITUDE": -35.7231273100254,
                "CLASSIFIC.": "ESC. MUNICIPAL"
            }
        },
        {
            "type": "Feature",
            "geometry": {
                "type": "Point",
                "coordinates": [
                    -35.699855,
                    -9.637768,
                    0
                ]
            },
            "properties": {
                "name": "ESCOLA DE ENSINO FUNDAMENTAL SAGRADO CORACAO DE JESUS",
                "description": {
                    "@type": "html",
                    "value": "descrição: <br>fid: 94<br>STRING: ESCOLA DE ENSINO FUNDAMENTAL SAGRADO CORACAO DE JESUS<br>LATITUDE: -9.63658435007308<br>LONGITUDE: -35.7001086259274<br>CLASSIFIC.: ESC. MUNICIPAL"
                },
                "styleUrl": "#icon-1526-F9A825",
                "icon-opacity": 1,
                "icon-color": "#f9a825",
                "icon-scale": 1,
                "icon": "https://www.gstatic.com/mapspro/images/stock/503-wht-blank_maps.png",
                "descrição": "",
                "fid": 94,
                "STRING": "ESCOLA DE ENSINO FUNDAMENTAL SAGRADO CORACAO DE JESUS",
                "LATITUDE": -9.63658435007308,
                "LONGITUDE": -35.7001086259274,
                "CLASSIFIC.": "ESC. MUNICIPAL"
            }
        },
        {
            "type": "Feature",
            "geometry": {
                "type": "Point",
                "coordinates": [
                    -35.721821,
                    -9.636373,
                    0
                ]
            },
            "properties": {
                "name": "ESCOLA MUNICIPAL DOUTOR HENRIQUE EQUELMAN",
                "description": {
                    "@type": "html",
                    "value": "descrição: <br>fid: 95<br>STRING: ESCOLA MUNICIPAL DOUTOR HENRIQUE EQUELMAN<br>LATITUDE: -9.63686884647375<br>LONGITUDE: -35.7212573666203<br>CLASSIFIC.: ESC. MUNICIPAL"
                },
                "styleUrl": "#icon-1526-F9A825",
                "icon-opacity": 1,
                "icon-color": "#f9a825",
                "icon-scale": 1,
                "icon": "https://www.gstatic.com/mapspro/images/stock/503-wht-blank_maps.png",
                "descrição": "",
                "fid": 95,
                "STRING": "ESCOLA MUNICIPAL DOUTOR HENRIQUE EQUELMAN",
                "LATITUDE": -9.63686884647375,
                "LONGITUDE": -35.7212573666203,
                "CLASSIFIC.": "ESC. MUNICIPAL"
            }
        },
        {
            "type": "Feature",
            "geometry": {
                "type": "Point",
                "coordinates": [
                    -35.752034,
                    -9.546551,
                    0
                ]
            },
            "properties": {
                "name": "ESCOLA MUNICIPAL MARIA DE LOURDES DE MELO PIMENTEL",
                "description": {
                    "@type": "html",
                    "value": "descrição: <br>fid: 96<br>STRING: ESCOLA MUNICIPAL MARIA DE LOURDES DE MELO PIMENTEL<br>LATITUDE: -9.54655400011439<br>LONGITUDE: -35.7520281053715<br>CLASSIFIC.: ESC. MUNICIPAL"
                },
                "styleUrl": "#icon-1526-F9A825",
                "icon-opacity": 1,
                "icon-color": "#f9a825",
                "icon-scale": 1,
                "icon": "https://www.gstatic.com/mapspro/images/stock/503-wht-blank_maps.png",
                "descrição": "",
                "fid": 96,
                "STRING": "ESCOLA MUNICIPAL MARIA DE LOURDES DE MELO PIMENTEL",
                "LATITUDE": -9.54655400011439,
                "LONGITUDE": -35.7520281053715,
                "CLASSIFIC.": "ESC. MUNICIPAL"
            }
        },
        {
            "type": "Feature",
            "geometry": {
                "type": "Point",
                "coordinates": [
                    -35.606839,
                    -9.527523,
                    0
                ]
            },
            "properties": {
                "name": "ESCOLA MUNICIPAL MARECHAL FLORIANO PEIXOTO",
                "description": {
                    "@type": "html",
                    "value": "descrição: <br>fid: 97<br>STRING: ESCOLA MUNICIPAL MARECHAL FLORIANO PEIXOTO<br>LATITUDE: -9.52813687035628<br>LONGITUDE: -35.6068344329724<br>CLASSIFIC.: ESC. MUNICIPAL"
                },
                "styleUrl": "#icon-1526-F9A825",
                "icon-opacity": 1,
                "icon-color": "#f9a825",
                "icon-scale": 1,
                "icon": "https://www.gstatic.com/mapspro/images/stock/503-wht-blank_maps.png",
                "descrição": "",
                "fid": 97,
                "STRING": "ESCOLA MUNICIPAL MARECHAL FLORIANO PEIXOTO",
                "LATITUDE": -9.52813687035628,
                "LONGITUDE": -35.6068344329724,
                "CLASSIFIC.": "ESC. MUNICIPAL"
            }
        },
        {
            "type": "Feature",
            "geometry": {
                "type": "Point",
                "coordinates": [
                    -35.777489,
                    -9.53606,
                    0
                ]
            },
            "properties": {
                "name": "ESCOLA MUNICIPAL GASTONE LUCIA DE CARVALHO BELTRAO",
                "description": {
                    "@type": "html",
                    "value": "descrição: <br>fid: 98<br>STRING: ESCOLA MUNICIPAL GASTONE LUCIA DE CARVALHO BELTRAO<br>LATITUDE: -9.53606291787898<br>LONGITUDE: -35.7774830904232<br>CLASSIFIC.: ESC. MUNICIPAL"
                },
                "styleUrl": "#icon-1526-F9A825",
                "icon-opacity": 1,
                "icon-color": "#f9a825",
                "icon-scale": 1,
                "icon": "https://www.gstatic.com/mapspro/images/stock/503-wht-blank_maps.png",
                "descrição": "",
                "fid": 98,
                "STRING": "ESCOLA MUNICIPAL GASTONE LUCIA DE CARVALHO BELTRAO",
                "LATITUDE": -9.53606291787898,
                "LONGITUDE": -35.7774830904232,
                "CLASSIFIC.": "ESC. MUNICIPAL"
            }
        },
        {
            "type": "Feature",
            "geometry": {
                "type": "Point",
                "coordinates": [
                    -35.727304,
                    -9.601252,
                    0
                ]
            },
            "properties": {
                "name": "ESCOLA LUIZ CALHEROS JUNIOR",
                "description": {
                    "@type": "html",
                    "value": "descrição: <br>fid: 99<br>STRING: ESCOLA LUIZ CALHEROS JUNIOR<br>LATITUDE: <br>LONGITUDE: <br>CLASSIFIC.: ESC. MUNICIPAL"
                },
                "styleUrl": "#icon-1526-F9A825",
                "icon-opacity": 1,
                "icon-color": "#f9a825",
                "icon-scale": 1,
                "icon": "https://www.gstatic.com/mapspro/images/stock/503-wht-blank_maps.png",
                "descrição": "",
                "fid": 99,
                "STRING": "ESCOLA LUIZ CALHEROS JUNIOR",
                "LATITUDE": "",
                "LONGITUDE": "",
                "CLASSIFIC.": "ESC. MUNICIPAL"
            }
        },
        {
            "type": "Feature",
            "geometry": {
                "type": "Point",
                "coordinates": [
                    -35.705674,
                    -9.641691,
                    0
                ]
            },
            "properties": {
                "name": "ESCOLA MUNICIPAL PROFESSORA MARIA DE LOURDES NUNES BEZERRA NUNES",
                "description": {
                    "@type": "html",
                    "value": "descrição: <br>fid: 100<br>STRING: ESCOLA MUNICIPAL PROFESSORA MARIA DE LOURDES NUNES BEZERRA NUNES<br>LATITUDE: <br>LONGITUDE: <br>CLASSIFIC.: ESC. MUNICIPAL"
                },
                "styleUrl": "#icon-1526-F9A825",
                "icon-opacity": 1,
                "icon-color": "#f9a825",
                "icon-scale": 1,
                "icon": "https://www.gstatic.com/mapspro/images/stock/503-wht-blank_maps.png",
                "descrição": "",
                "fid": 100,
                "STRING": "ESCOLA MUNICIPAL PROFESSORA MARIA DE LOURDES NUNES BEZERRA NUNES",
                "LATITUDE": "",
                "LONGITUDE": "",
                "CLASSIFIC.": "ESC. MUNICIPAL"
            }
        },
        {
            "type": "Feature",
            "geometry": {
                "type": "Point",
                "coordinates": [
                    -35.750281,
                    -9.658531,
                    0
                ]
            },
            "properties": {
                "name": "ESCOLA DE ENSINO FUNDAMENTAL NOSSO LAR I",
                "description": {
                    "@type": "html",
                    "value": "descrição: <br>fid: 101<br>STRING: ESCOLA DE ENSINO FUNDAMENTAL NOSSO LAR I<br>LATITUDE: <br>LONGITUDE: <br>CLASSIFIC.: ESC. MUNICIPAL"
                },
                "styleUrl": "#icon-1526-F9A825",
                "icon-opacity": 1,
                "icon-color": "#f9a825",
                "icon-scale": 1,
                "icon": "https://www.gstatic.com/mapspro/images/stock/503-wht-blank_maps.png",
                "descrição": "",
                "fid": 101,
                "STRING": "ESCOLA DE ENSINO FUNDAMENTAL NOSSO LAR I",
                "LATITUDE": "",
                "LONGITUDE": "",
                "CLASSIFIC.": "ESC. MUNICIPAL"
            }
        }
    ]
}